,Material,sign_MA,log_MA,A1_rad,A2_rad,X_rad,Abar_rad,dA_rad,Abar-X_rad,dAXbar_rad,ddAX_rad,A1_dipole,A2_dipole,X_dipole,Abar_dipole,dA_dipole,Abar-X_dipole,dAXbar_dipole,ddAX_dipole,A1_nvalence,A2_nvalence,X_nvalence,Abar_nvalence,dA_nvalence,Abar-X_nvalence,dAXbar_nvalence,ddAX_nvalence,A1_nup,A2_nup,X_nup,Abar_nup,dA_nup,Abar-X_nup,dAXbar_nup,ddAX_nup,A1_num_d,A2_num_d,X_num_d,Abar_num_d,dA_num_d,Abar-X_num_d,dAXbar_num_d,ddAX_num_d,A1_volume,A2_volume,X_volume,Abar_volume,dA_volume,Abar-X_volume,dAXbar_volume,ddAX_volume,A1_ion_energy,A2_ion_energy,X_ion_energy,Abar_ion_energy,dA_ion_energy,Abar-X_ion_energy,dAXbar_ion_energy,ddAX_ion_energy,A1_electron_affinity,A2_electron_affinity,X_electron_affinity,Abar_electron_affinity,dA_electron_affinity,Abar-X_electron_affinity,dAXbar_electron_affinity,ddAX_electron_affinity,A1_electronegativity,A2_electronegativity,X_electronegativity,Abar_electronegativity,dA_electronegativity,Abar-X_electronegativity,dAXbar_electronegativity,ddAX_electronegativity,A1_SOCC,A2_SOCC,Abar_SOCC,dA_SOCC
13,1T-Co1Pd1S4,-1,-8.260537498,111,120,103,115.5,9,12.5,12.5,9,55,26.14,19.4,40.57,28.86,21.17,21.17,28.86,9,12,6,10.5,3,4.5,4.5,3,5,4,2,4.5,1,2.5,2.5,1,5,16,0,10.5,11,10.5,10.5,11,6.7,8.9,15.5,7.8,2.2,7.7,7.7,2.2,7.88101,8.33686,10.36001,8.108935,0.45585,2.251075,2.251075,0.45585,0.66225646,0.562,2.07710403,0.61212823,0.10025646,1.4649758,1.4649758,0.10025646,0.66225646,0.562,2.07710403,0.61212823,0.10025646,1.4649758,1.4649758,0.10025646,94,1548,821,-1454
30,1T-Cr1Ag1S4,1,-6.346004629,122,128,103,125,6,22,22,6,83,55,19.4,69,28,49.6,49.6,28,6,11,6,8.5,5,2.5,2.5,5,2,3,2,2.5,1,0.5,0.5,1,2,17,0,9.5,15,9.5,9.5,15,7.23,10.3,15.5,8.765,3.07,6.735,6.735,3.07,6.76651,7.576234,10.36001,7.171372,0.809724,3.188638,3.188638,0.809724,0.666,1.302,2.07710403,0.984,0.636,1.09310403,1.09310403,0.636,0.666,1.302,2.07710403,0.984,0.636,1.09310403,1.09310403,0.636,298,1915,1106.5,-1617
31,1T-Cr1Au1S4,-1,-8.043820245,122,124,103,123,2,20,20,2,83,36,19.4,59.5,47,40.1,40.1,47,6,11,6,8.5,5,2.5,2.5,5,2,3,2,2.5,1,0.5,0.5,1,2,27,0,14.5,25,14.5,14.5,25,7.23,10.2,15.5,8.715,2.97,6.785,6.785,2.97,6.76651,9.225553,10.36001,7.9960315,2.459043,2.3639785,2.3639785,2.459043,0.666,2.30863,2.07710403,1.487315,1.64263,0.58978903,0.821315,1.17957806,0.666,2.30863,2.07710403,1.487315,1.64263,0.58978903,0.821315,1.17957806,298,5583,2940.5,-5285
32,1T-Cr1Au1Se4,-1,-6.410103045,122,124,116,123,2,7,7,2,83,36,28.9,59.5,47,30.6,30.6,47,6,11,6,8.5,5,2.5,2.5,5,2,3,2,2.5,1,0.5,0.5,1,2,27,10,14.5,25,4.5,12.5,9,7.23,10.2,16.5,8.715,2.97,7.785,7.785,2.97,6.76651,9.225553,9.752392,7.9960315,2.459043,1.7563605,1.7563605,2.459043,0.666,2.30863,2.02067,1.487315,1.64263,0.533355,0.821315,1.06671,0.666,2.30863,2.02067,1.487315,1.64263,0.533355,0.821315,1.06671,298,5583,2940.5,-5285
35,1T-Cr1Cd1Te4,-1,-7.081216207,122,136,136,129,14,7,7,14,83,46,38,64.5,37,26.5,26.5,37,6,12,6,9,6,3,3,6,2,2,2,2,0,0,0,0,2,18,20,10,16,10,10,16,7.23,13.1,20.5,10.165,5.87,10.335,10.335,5.87,6.76651,8.993822,9.00966,7.880166,2.227312,1.129494,1.129494,2.227312,0.666,0,1.970876,0.333,0.666,1.637876,1.637876,0.666,0.666,0,1.970876,0.333,0.666,1.637876,1.637876,0.666,298,2007,1152.5,-1709
36,1T-Cr1Co1S4,1,-10.30307,122,111,103,116.5,11,13.5,13.5,11,83,55,19.4,69,28,49.6,49.6,28,6,9,6,7.5,3,1.5,1.5,3,2,5,2,3.5,3,1.5,1.5,3,2,5,0,3.5,3,3.5,3.5,3,7.23,6.7,15.5,6.965,0.53,8.535,8.535,0.53,6.76651,7.88101,10.36001,7.32376,1.1145,3.03625,3.03625,1.1145,0.666,0.66225646,2.07710403,0.66412823,0.00374354,1.4129758,1.4129758,0.00374354,0.666,0.66225646,2.07710403,0.66412823,0.00374354,1.4129758,1.4129758,0.00374354,298,94,196,204
38,1T-Cr1Cu1Se4,1,-9.926142243,122,112,116,117,10,1,5,2,83,46.5,28.9,64.75,36.5,35.85,35.85,36.5,6,11,6,8.5,5,2.5,2.5,5,2,3,2,2.5,1,0.5,0.5,1,2,7,10,4.5,5,5.5,5.5,5,7.23,7.1,16.5,7.165,0.13,9.335,9.335,0.13,6.76651,7.72638,9.752392,7.246445,0.95987,2.505947,2.505947,0.95987,0.666,1.235,2.02067,0.9505,0.569,1.07017,1.07017,0.569,0.666,1.235,2.02067,0.9505,0.569,1.07017,1.07017,0.569,298,952,625,-654
39,1T-Cr1Hf1Se4,1,-7.165710279,122,152,116,137,30,21,21,30,83,103,28.9,93,20,64.1,64.1,20,6,4,6,5,2,1,1,2,2,0,2,1,2,1,1,2,2,20,10,11,18,1,9,2,7.23,13.6,16.5,10.415,6.37,6.085,6.085,6.37,6.76651,6.82507,9.752392,6.79579,0.05856,2.956602,2.956602,0.05856,0.666,0.014,2.02067,0.34,0.652,1.68067,1.68067,0.652,0.666,0.014,2.02067,0.34,0.652,1.68067,1.68067,0.652,298,1974,1136,-1676
41,1T-Cr1Hg1Se4,1,-8.153540151,122,133,116,127.5,11,11.5,11.5,11,83,33.91,28.9,58.455,49.09,29.555,29.555,49.09,6,12,6,9,6,3,3,6,2,2,2,2,0,0,0,0,2,28,10,15,26,5,13,10,7.23,14.8,16.5,11.015,7.57,5.485,5.485,7.57,6.76651,10.437504,9.752392,8.602007,3.670994,1.150385,1.835497,2.30077,0.666,0,2.02067,0.333,0.666,1.68767,1.68767,0.666,0.666,0,2.02067,0.333,0.666,1.68767,1.68767,0.666,298,6400,3349,-6102
42,1T-Cr1Hg1Te4,1,-7.018658907,122,133,136,127.5,11,8.5,8.5,11,83,33.91,38,58.455,49.09,20.455,24.545,40.91,6,12,6,9,6,3,3,6,2,2,2,2,0,0,0,0,2,28,20,15,26,5,13,10,7.23,14.8,20.5,11.015,7.57,9.485,9.485,7.57,6.76651,10.437504,9.00966,8.602007,3.670994,0.407653,1.835497,0.815306,0.666,0,1.970876,0.333,0.666,1.637876,1.637876,0.666,0.666,0,1.970876,0.333,0.666,1.637876,1.637876,0.666,298,6400,3349,-6102
44,1T-Cr1Ir1Se4,1,-7.328488859,122,122,116,122,0,6,6,0,83,54,28.9,68.5,29,39.6,39.6,29,6,9,6,7.5,3,1.5,1.5,3,2,5,2,3.5,3,1.5,1.5,3,2,25,10,13.5,23,3.5,11.5,7,7.23,8.54,16.5,7.885,1.31,8.615,8.615,1.31,6.76651,8.96702,9.752392,7.866765,2.20051,1.885627,1.885627,2.20051,0.666,1.5638,2.02067,1.1149,0.8978,0.90577,0.90577,0.8978,0.666,1.5638,2.02067,1.1149,0.8978,0.90577,0.90577,0.8978,298,2597,1447.5,-2299
45,1T-Cr1Ir1Te4,1,-8.367954556,122,122,136,122,0,14,14,0,83,54,38,68.5,29,30.5,30.5,29,6,9,6,7.5,3,1.5,1.5,3,2,5,2,3.5,3,1.5,1.5,3,2,25,20,13.5,23,6.5,11.5,13,7.23,8.54,20.5,7.885,1.31,12.615,12.615,1.31,6.76651,8.96702,9.00966,7.866765,2.20051,1.142895,1.142895,2.20051,0.666,1.5638,1.970876,1.1149,0.8978,0.855976,0.855976,0.8978,0.666,1.5638,1.970876,1.1149,0.8978,0.855976,0.855976,0.8978,298,2597,1447.5,-2299
46,1T-Cr1Lu1S4,-1,-7.982382522,122,162,103,142,40,39,39,40,83,137,19.4,110,54,90.6,90.6,54,6,2,6,4,4,2,2,4,2,1,2,1.5,1,0.5,0.5,1,2,20,0,11,18,11,11,18,7.23,17.8,15.5,12.515,10.57,2.985,5.285,5.97,6.76651,5.425871,10.36001,6.0961905,1.340639,4.2638195,4.2638195,1.340639,0.666,0.34,2.07710403,0.503,0.326,1.57410403,1.57410403,0.326,0.666,0.34,2.07710403,0.503,0.326,1.57410403,1.57410403,0.326,298,601,449.5,-303
47,1T-Cr1Lu1Se4,-1,-7.094024618,122,162,116,142,40,26,26,40,83,137,28.9,110,54,81.1,81.1,54,6,2,6,4,4,2,2,4,2,1,2,1.5,1,0.5,0.5,1,2,20,10,11,18,1,9,2,7.23,17.8,16.5,12.515,10.57,3.985,5.285,7.97,6.76651,5.425871,9.752392,6.0961905,1.340639,3.6562015,3.6562015,1.340639,0.666,0.34,2.02067,0.503,0.326,1.51767,1.51767,0.326,0.666,0.34,2.02067,0.503,0.326,1.51767,1.51767,0.326,298,601,449.5,-303
48,1T-Cr1Lu1Te4,1,-7.622739154,122,162,136,142,40,6,20,12,83,137,38,110,54,72,72,54,6,2,6,4,4,2,2,4,2,1,2,1.5,1,0.5,0.5,1,2,20,20,11,18,9,9,18,7.23,17.8,20.5,12.515,10.57,7.985,7.985,10.57,6.76651,5.425871,9.00966,6.0961905,1.340639,2.9134695,2.9134695,1.340639,0.666,0.34,1.970876,0.503,0.326,1.467876,1.467876,0.326,0.666,0.34,1.970876,0.503,0.326,1.467876,1.467876,0.326,298,601,449.5,-303
51,1T-Cr1Nb1Se4,1,-9.0844569,122,147,116,134.5,25,18.5,18.5,25,83,98,28.9,90.5,15,61.6,61.6,15,6,5,6,5.5,1,0.5,0.5,1,2,1,2,1.5,1,0.5,0.5,1,2,11,10,6.5,9,3.5,4.5,7,7.23,10.8,16.5,9.015,3.57,7.485,7.485,3.57,6.76651,6.75885,9.752392,6.76268,0.00766,2.989712,2.989712,0.00766,0.666,0.917406,2.02067,0.791703,0.251406,1.228967,1.228967,0.251406,0.666,0.917406,2.02067,0.791703,0.251406,1.228967,1.228967,0.251406,298,688,493,-390
52,1T-Cr1Nb1Te4,1,-6.981972488,122,147,136,134.5,25,1.5,12.5,3,83,98,38,90.5,15,52.5,52.5,15,6,5,6,5.5,1,0.5,0.5,1,2,1,2,1.5,1,0.5,0.5,1,2,11,20,6.5,9,13.5,13.5,9,7.23,10.8,20.5,9.015,3.57,11.485,11.485,3.57,6.76651,6.75885,9.00966,6.76268,0.00766,2.24698,2.24698,0.00766,0.666,0.917406,1.970876,0.791703,0.251406,1.179173,1.179173,0.251406,0.666,0.917406,1.970876,0.791703,0.251406,1.179173,1.179173,0.251406,298,688,493,-390
53,1T-Cr1Ni1S4,-1,-10.18452508,122,110,103,116,12,13,13,12,83,49,19.4,66,34,46.6,46.6,34,6,10,6,8,4,2,2,4,2,4,2,3,2,1,1,2,2,6,0,4,4,4,4,4,7.23,6.6,15.5,6.915,0.63,8.585,8.585,0.63,6.76651,7.639877,10.36001,7.2031935,0.873367,3.1568165,3.1568165,0.873367,0.666,1.156,2.07710403,0.911,0.49,1.16610403,1.16610403,0.49,0.666,1.156,2.07710403,0.911,0.49,1.16610403,1.16610403,0.49,298,736,517,-438
54,1T-Cr1Ni1Se4,1,-7.868664265,122,110,116,116,12,1.42E-14,6,4.26E-14,83,49,28.9,66,34,37.1,37.1,34,6,10,6,8,4,2,2,4,2,4,2,3,2,1,1,2,2,6,10,4,4,6,6,4,7.23,6.6,16.5,6.915,0.63,9.585,9.585,0.63,6.76651,7.639877,9.752392,7.2031935,0.873367,2.5491985,2.5491985,0.873367,0.666,1.156,2.02067,0.911,0.49,1.10967,1.10967,0.49,0.666,1.156,2.02067,0.911,0.49,1.10967,1.10967,0.49,298,736,517,-438
55,1T-Cr1Ni1Te4,1,-7.665600993,122,110,136,116,12,20,20,12,83,49,38,66,34,28,28,34,6,10,6,8,4,2,2,4,2,4,2,3,2,1,1,2,2,6,20,4,4,16,16,4,7.23,6.6,20.5,6.915,0.63,13.585,13.585,0.63,6.76651,7.639877,9.00966,7.2031935,0.873367,1.8064665,1.8064665,0.873367,0.666,1.156,1.970876,0.911,0.49,1.059876,1.059876,0.49,0.666,1.156,1.970876,0.911,0.49,1.059876,1.059876,0.49,298,736,517,-438
57,1T-Cr1Pd1S4,1,-9.49595791,122,120,103,121,2,18,18,2,83,26.14,19.4,54.57,56.86,35.17,35.17,56.86,6,12,6,9,6,3,3,6,2,4,2,3,2,1,1,2,2,16,0,9,14,9,9,14,7.23,8.9,15.5,8.065,1.67,7.435,7.435,1.67,6.76651,8.33686,10.36001,7.551685,1.57035,2.808325,2.808325,1.57035,0.666,0.562,2.07710403,0.614,0.104,1.46310403,1.46310403,0.104,0.666,0.562,2.07710403,0.614,0.104,1.46310403,1.46310403,0.104,298,1548,923,-1250
58,1T-Cr1Pt1S4,-1,-7.392409709,122,123,103,122.5,1,19.5,19.5,1,83,48,19.4,65.5,35,46.1,46.1,35,6,10,6,8,4,2,2,4,2,4,2,3,2,1,1,2,2,26,0,14,24,14,14,24,7.23,9.1,15.5,8.165,1.87,7.335,7.335,1.87,6.76651,8.95883,10.36001,7.86267,2.19232,2.49734,2.49734,2.19232,0.666,2.128,2.07710403,1.397,1.462,0.68010403,0.731,1.36020806,0.666,2.128,2.07710403,1.397,1.462,0.68010403,0.731,1.36020806,298,3711,2004.5,-3413
59,1T-Cr1Pt1Se4,1,-7.02859611,122,123,116,122.5,1,6.5,6.5,1,83,48,28.9,65.5,35,36.6,36.6,35,6,10,6,8,4,2,2,4,2,4,2,3,2,1,1,2,2,26,10,14,24,4,12,8,7.23,9.1,16.5,8.165,1.87,8.335,8.335,1.87,6.76651,8.95883,9.752392,7.86267,2.19232,1.889722,1.889722,2.19232,0.666,2.128,2.02067,1.397,1.462,0.62367,0.731,1.24734,0.666,2.128,2.02067,1.397,1.462,0.62367,0.731,1.24734,298,3711,2004.5,-3413
63,1T-Cr1Rh1Te4,1,-7.426403083,122,125,136,123.5,3,12.5,12.5,3,83,66,38,74.5,17,36.5,36.5,17,6,9,6,7.5,3,1.5,1.5,3,2,5,2,3.5,3,1.5,1.5,3,2,15,20,8.5,13,11.5,11.5,13,7.23,8.3,20.5,7.765,1.07,12.735,12.735,1.07,6.76651,7.4589,9.00966,7.112705,0.69239,1.896955,1.896955,0.69239,0.666,1.137,1.970876,0.9015,0.471,1.069376,1.069376,0.471,0.666,1.137,1.970876,0.9015,0.471,1.069376,1.069376,0.471,298,364.5,331.25,-66.5
66,1T-Cr1Ru1Te4,1,-7.284683952,122,125,136,123.5,3,12.5,12.5,3,83,72,38,77.5,11,39.5,39.5,11,6,8,6,7,2,1,1,2,2,4,2,3,2,1,1,2,2,14,20,8,12,12,12,12,7.23,8.3,20.5,7.765,1.07,12.735,12.735,1.07,6.76651,7.3605,9.00966,7.063505,0.59399,1.946155,1.946155,0.59399,0.666,1.05,1.970876,0.858,0.384,1.112876,1.112876,0.384,0.666,1.05,1.970876,0.858,0.384,1.112876,1.112876,0.384,298,1496,897,-1198
68,1T-Cr1Ta1S4,-1,-10.00220353,122,146,103,134,24,31,31,24,83,74,19.4,78.5,9,59.1,59.1,9,6,5,6,5.5,1,0.5,0.5,1,2,1,2,1.5,1,0.5,0.5,1,2,21,0,11.5,19,11.5,11.5,19,7.23,10.9,15.5,9.065,3.67,6.435,6.435,3.67,6.76651,7.54957,10.36001,7.15804,0.78306,3.20197,3.20197,0.78306,0.666,0.322,2.07710403,0.494,0.344,1.58310403,1.58310403,0.344,0.666,0.322,2.07710403,0.494,0.344,1.58310403,1.58310403,0.344,298,2507,1402.5,-2209
69,1T-Cr1Ta1Se4,1,-8.091157777,122,146,116,134,24,18,18,24,83,74,28.9,78.5,9,49.6,49.6,9,6,5,6,5.5,1,0.5,0.5,1,2,1,2,1.5,1,0.5,0.5,1,2,21,10,11.5,19,1.5,9.5,3,7.23,10.9,16.5,9.065,3.67,7.435,7.435,3.67,6.76651,7.54957,9.752392,7.15804,0.78306,2.594352,2.594352,0.78306,0.666,0.322,2.02067,0.494,0.344,1.52667,1.52667,0.344,0.666,0.322,2.02067,0.494,0.344,1.52667,1.52667,0.344,298,2507,1402.5,-2209
70,1T-Cr1Ta1Te4,1,-6.998260023,122,146,136,134,24,2,12,4,83,74,38,78.5,9,40.5,40.5,9,6,5,6,5.5,1,0.5,0.5,1,2,1,2,1.5,1,0.5,0.5,1,2,21,20,11.5,19,8.5,9.5,17,7.23,10.9,20.5,9.065,3.67,11.435,11.435,3.67,6.76651,7.54957,9.00966,7.15804,0.78306,1.85162,1.85162,0.78306,0.666,0.322,1.970876,0.494,0.344,1.476876,1.476876,0.344,0.666,0.322,1.970876,0.494,0.344,1.476876,1.476876,0.344,298,2507,1402.5,-2209
73,1T-Cr1Ti1S4,1,-9.41890324,122,136,103,129,14,26,26,14,83,100,19.4,91.5,17,72.1,72.1,17,6,4,6,5,2,1,1,2,2,0,2,1,2,1,1,2,2,0,0,1,2,1,1,2,7.23,10.6,15.5,8.915,3.37,6.585,6.585,3.37,6.76651,6.82812,10.36001,6.797315,0.06161,3.562695,3.562695,0.06161,0.666,0.079,2.07710403,0.3725,0.587,1.70460403,1.70460403,0.587,0.666,0.079,2.07710403,0.3725,0.587,1.70460403,1.70460403,0.587,298,136,217,162
76,1T-Cr1W1Se4,1,-8.878306542,122,137,116,129.5,15,13.5,13.5,15,83,68,28.9,75.5,15,46.6,46.6,15,6,6,6,6,0,0,0,0,2,2,2,2,0,0,0,0,2,22,10,12,20,2,10,4,7.23,9.53,16.5,8.38,2.3,8.12,8.12,2.3,6.76651,7.86403,9.752392,7.31527,1.09752,2.437122,2.437122,1.09752,0.666,0.81626,2.02067,0.74113,0.15026,1.27954,1.27954,0.15026,0.666,0.81626,2.02067,0.74113,0.15026,1.27954,1.27954,0.15026,298,3209,1753.5,-2911
79,1T-Cr1Zn1S4,1,-9.682666697,122,118,103,120,4,17,17,4,83,38.67,19.4,60.835,44.33,41.435,41.435,44.33,6,12,6,9,6,3,3,6,2,2,2,2,0,0,0,0,2,8,0,5,6,5,5,6,7.23,9.2,15.5,8.215,1.97,7.285,7.285,1.97,6.76651,9.394199,10.36001,8.0803545,2.627689,2.2796555,2.2796555,2.627689,0.666,0,2.07710403,0.333,0.666,1.74410403,1.74410403,0.666,0.666,0,2.07710403,0.333,0.666,1.74410403,1.74410403,0.666,298,1146,722,-848
81,1T-Cr1Zn1Te4,1,-9.042878678,122,118,136,120,4,16,16,4,83,38.67,38,60.835,44.33,22.835,22.835,44.33,6,12,6,9,6,3,3,6,2,2,2,2,0,0,0,0,2,8,20,5,6,15,15,6,7.23,9.2,20.5,8.215,1.97,12.285,12.285,1.97,6.76651,9.394199,9.00966,8.0803545,2.627689,0.9293055,1.3138445,1.858611,0.666,0,1.970876,0.333,0.666,1.637876,1.637876,0.666,0.666,0,1.970876,0.333,0.666,1.637876,1.637876,0.666,298,1146,722,-848
82,1T-Cr1Zr1Se4,1,-7.436464872,122,154,116,138,32,22,22,32,83,112,28.9,97.5,29,68.6,68.6,29,6,4,6,5,2,1,1,2,2,0,2,1,2,1,1,2,2,10,10,6,8,4,4,8,7.23,14.1,16.5,10.665,6.87,5.835,5.835,6.87,6.76651,6.6339,9.752392,6.700205,0.13261,3.052187,3.052187,0.13261,0.666,0.426,2.02067,0.546,0.24,1.47467,1.47467,0.24,0.666,0.426,2.02067,0.546,0.24,1.47467,1.47467,0.24,298,481,389.5,-183
84,1T-Cr2S4,-1,-8.611091868,122,122,103,122,0,19,19,0,83,83,19.4,83,0,63.6,63.6,0,6,6,6,6,0,0,0,0,2,2,2,2,0,0,0,0,2,2,0,2,0,2,2,0,7.23,7.23,15.5,7.23,0,8.27,8.27,0,6.76651,6.76651,10.36001,6.76651,0,3.5935,3.5935,0,0.666,0.666,2.07710403,0.666,0,1.41110403,1.41110403,0,0.666,0.666,2.07710403,0.666,0,1.41110403,1.41110403,0,298,298,298,0
85,1T-Cr2Se4,1,-8.302182623,122,122,116,122,0,6,6,0,83,83,28.9,83,0,54.1,54.1,0,6,6,6,6,0,0,0,0,2,2,2,2,0,0,0,0,2,2,10,2,0,8,8,0,7.23,7.23,16.5,7.23,0,9.27,9.27,0,6.76651,6.76651,9.752392,6.76651,0,2.985882,2.985882,0,0.666,0.666,2.02067,0.666,0,1.35467,1.35467,0,0.666,0.666,2.02067,0.666,0,1.35467,1.35467,0,298,298,298,0
86,1T-Cr2Te4,1,-6.593324173,122,122,136,122,0,14,14,0,83,83,38,83,0,45,45,0,6,6,6,6,0,0,0,0,2,2,2,2,0,0,0,0,2,2,20,2,0,18,18,0,7.23,7.23,20.5,7.23,0,13.27,13.27,0,6.76651,6.76651,9.00966,6.76651,0,2.24315,2.24315,0,0.666,0.666,1.970876,0.666,0,1.304876,1.304876,0,0.666,0.666,1.970876,0.666,0,1.304876,1.304876,0,298,298,298,0
87,1T-Fe1Au1S4,-1,-9.121551409,116,124,103,120,8,17,17,8,62,36,19.4,49,26,29.6,29.6,26,8,11,6,9.5,3,3.5,3.5,3,4,3,2,3.5,1,1.5,1.5,1,4,27,0,15.5,23,15.5,15.5,23,7.1,10.2,15.5,8.65,3.1,6.85,6.85,3.1,7.9024678,9.225553,10.36001,8.5640104,1.3230852,1.7959996,1.7959996,1.3230852,0.151,2.30863,2.07710403,1.229815,2.15763,0.84728903,1.078815,1.69457806,0.151,2.30863,2.07710403,1.229815,2.15763,0.84728903,1.078815,1.69457806,526,5583,3054.5,-5057
88,1T-Fe1Au1Se4,1,-7.067753858,116,124,116,120,8,4,4,8,62,36,28.9,49,26,20.1,20.1,26,8,11,6,9.5,3,3.5,3.5,3,4,3,2,3.5,1,1.5,1.5,1,4,27,10,15.5,23,5.5,11.5,11,7.1,10.2,16.5,8.65,3.1,7.85,7.85,3.1,7.9024678,9.225553,9.752392,8.5640104,1.3230852,1.1883816,1.1883816,1.3230852,0.151,2.30863,2.02067,1.229815,2.15763,0.790855,1.078815,1.58171,0.151,2.30863,2.02067,1.229815,2.15763,0.790855,1.078815,1.58171,526,5583,3054.5,-5057
89,1T-Fe1Au1Te4,1,-7.050050678,116,124,136,120,8,16,16,8,62,36,38,49,26,11,13,22,8,11,6,9.5,3,3.5,3.5,3,4,3,2,3.5,1,1.5,1.5,1,4,27,20,15.5,23,4.5,11.5,9,7.1,10.2,20.5,8.65,3.1,11.85,11.85,3.1,7.9024678,9.225553,9.00966,8.5640104,1.3230852,0.4456496,0.6615426,0.8912992,0.151,2.30863,1.970876,1.229815,2.15763,0.741061,1.078815,1.482122,0.151,2.30863,1.970876,1.229815,2.15763,0.741061,1.078815,1.482122,526,5583,3054.5,-5057
91,1T-Fe1Co1S4,-1,-8.281390111,116,111,103,113.5,5,10.5,10.5,5,62,55,19.4,58.5,7,39.1,39.1,7,8,9,6,8.5,1,2.5,2.5,1,4,5,2,4.5,1,2.5,2.5,1,4,5,0,4.5,1,4.5,4.5,1,7.1,6.7,15.5,6.9,0.4,8.6,8.6,0.4,7.9024678,7.88101,10.36001,7.8917389,0.0214578,2.4682711,2.4682711,0.0214578,0.151,0.66225646,2.07710403,0.40662823,0.51125646,1.6704758,1.6704758,0.51125646,0.151,0.66225646,2.07710403,0.40662823,0.51125646,1.6704758,1.6704758,0.51125646,526,94,310,432
92,1T-Fe1Co1Se4,-1,-8.115117153,116,111,116,113.5,5,2.5,2.5,5,62,55,28.9,58.5,7,29.6,29.6,7,8,9,6,8.5,1,2.5,2.5,1,4,5,2,4.5,1,2.5,2.5,1,4,5,10,4.5,1,5.5,5.5,1,7.1,6.7,16.5,6.9,0.4,9.6,9.6,0.4,7.9024678,7.88101,9.752392,7.8917389,0.0214578,1.8606531,1.8606531,0.0214578,0.151,0.66225646,2.02067,0.40662823,0.51125646,1.61404177,1.61404177,0.51125646,0.151,0.66225646,2.02067,0.40662823,0.51125646,1.61404177,1.61404177,0.51125646,526,94,310,432
93,1T-Fe1Co1Te4,1,-8.804442024,116,111,136,113.5,5,22.5,22.5,5,62,55,38,58.5,7,20.5,20.5,7,8,9,6,8.5,1,2.5,2.5,1,4,5,2,4.5,1,2.5,2.5,1,4,5,20,4.5,1,15.5,15.5,1,7.1,6.7,20.5,6.9,0.4,13.6,13.6,0.4,7.9024678,7.88101,9.00966,7.8917389,0.0214578,1.1179211,1.1179211,0.0214578,0.151,0.66225646,1.970876,0.40662823,0.51125646,1.56424777,1.56424777,0.51125646,0.151,0.66225646,1.970876,0.40662823,0.51125646,1.56424777,1.56424777,0.51125646,526,94,310,432
94,1T-Fe1Cr1Se4,-1,-9.724504897,116,122,116,119,6,3,3,6,62,83,28.9,72.5,21,43.6,43.6,21,8,6,6,7,2,1,1,2,4,2,2,3,2,1,1,2,4,2,10,3,2,7,7,2,7.1,7.23,16.5,7.165,0.13,9.335,9.335,0.13,7.9024678,6.76651,9.752392,7.3344889,1.1359578,2.4179031,2.4179031,1.1359578,0.151,0.666,2.02067,0.4085,0.515,1.61217,1.61217,0.515,0.151,0.666,2.02067,0.4085,0.515,1.61217,1.61217,0.515,526,298,412,228
95,1T-Fe1Cr1Te4,1,-6.850052569,116,122,136,119,6,17,17,6,62,83,38,72.5,21,34.5,34.5,21,8,6,6,7,2,1,1,2,4,2,2,3,2,1,1,2,4,2,20,3,2,17,17,2,7.1,7.23,20.5,7.165,0.13,13.335,13.335,0.13,7.9024678,6.76651,9.00966,7.3344889,1.1359578,1.6751711,1.6751711,1.1359578,0.151,0.666,1.970876,0.4085,0.515,1.562376,1.562376,0.515,0.151,0.666,1.970876,0.4085,0.515,1.562376,1.562376,0.515,526,298,412,228
96,1T-Fe1Hf1Se4,1,-8.207156603,116,152,116,134,36,18,18,36,62,103,28.9,82.5,41,53.6,53.6,41,8,4,6,6,4,0,2,0,4,0,2,2,4,0,2,0,4,20,10,12,16,2,8,4,7.1,13.6,16.5,10.35,6.5,6.15,6.15,6.5,7.9024678,6.82507,9.752392,7.3637689,1.0773978,2.3886231,2.3886231,1.0773978,0.151,0.014,2.02067,0.0825,0.137,1.93817,1.93817,0.137,0.151,0.014,2.02067,0.0825,0.137,1.93817,1.93817,0.137,526,1974,1250,-1448
97,1T-Fe1Hf1Te4,-1,-7.989053328,116,152,136,134,36,2,18,4,62,103,38,82.5,41,44.5,44.5,41,8,4,6,6,4,0,2,0,4,0,2,2,4,0,2,0,4,20,20,12,16,8,8,16,7.1,13.6,20.5,10.35,6.5,10.15,10.15,6.5,7.9024678,6.82507,9.00966,7.3637689,1.0773978,1.6458911,1.6458911,1.0773978,0.151,0.014,1.970876,0.0825,0.137,1.888376,1.888376,0.137,0.151,0.014,1.970876,0.0825,0.137,1.888376,1.888376,0.137,526,1974,1250,-1448
98,1T-Fe1Hg1S4,1,-8.975742671,116,133,103,124.5,17,21.5,21.5,17,62,33.91,19.4,47.955,28.09,28.555,28.555,28.09,8,12,6,10,4,4,4,4,4,2,2,3,2,1,1,2,4,28,0,16,24,16,16,24,7.1,14.8,15.5,10.95,7.7,4.55,4.55,7.7,7.9024678,10.437504,10.36001,9.1699859,2.5350362,1.1900241,1.2675181,2.3800482,0.151,0,2.07710403,0.0755,0.151,2.00160403,2.00160403,0.151,0.151,0,2.07710403,0.0755,0.151,2.00160403,2.00160403,0.151,526,6400,3463,-5874
99,1T-Fe1Hg1Se4,1,-8.693214636,116,133,116,124.5,17,8.5,8.5,17,62,33.91,28.9,47.955,28.09,19.055,19.055,28.09,8,12,6,10,4,4,4,4,4,2,2,3,2,1,1,2,4,28,10,16,24,6,12,12,7.1,14.8,16.5,10.95,7.7,5.55,5.55,7.7,7.9024678,10.437504,9.752392,9.1699859,2.5350362,0.5824061,1.2675181,1.1648122,0.151,0,2.02067,0.0755,0.151,1.94517,1.94517,0.151,0.151,0,2.02067,0.0755,0.151,1.94517,1.94517,0.151,526,6400,3463,-5874
103,1T-Fe1Lu1Se4,-1,-9.131021003,116,162,116,139,46,23,23,46,62,137,28.9,99.5,75,70.6,70.6,75,8,2,6,5,6,1,3,2,4,1,2,2.5,3,0.5,1.5,1,4,20,10,12,16,2,8,4,7.1,17.8,16.5,12.45,10.7,4.05,5.35,8.1,7.9024678,5.425871,9.752392,6.6641694,2.4765968,3.0882226,3.0882226,2.4765968,0.151,0.34,2.02067,0.2455,0.189,1.77517,1.77517,0.189,0.151,0.34,2.02067,0.2455,0.189,1.77517,1.77517,0.189,526,601,563.5,-75
104,1T-Fe1Mo1Se4,1,-7.893061204,116,138,116,127,22,11,11,22,62,87,28.9,74.5,25,45.6,45.6,25,8,6,6,7,2,1,1,2,4,2,2,3,2,1,1,2,4,12,10,8,8,2,4,4,7.1,9.4,16.5,8.25,2.3,8.25,8.25,2.3,7.9024678,7.09243,9.752392,7.4974489,0.8100378,2.2549431,2.2549431,0.8100378,0.151,0.748,2.02067,0.4495,0.597,1.57117,1.57117,0.597,0.151,0.748,2.02067,0.4495,0.597,1.57117,1.57117,0.597,526,901,713.5,-375
107,1T-Fe1Nb1Te4,-1,-10.50515004,116,147,136,131.5,31,4.5,15.5,9,62,98,38,80,36,42,42,36,8,5,6,6.5,3,0.5,1.5,1,4,1,2,2.5,3,0.5,1.5,1,4,11,20,7.5,7,12.5,12.5,7,7.1,10.8,20.5,8.95,3.7,11.55,11.55,3.7,7.9024678,6.75885,9.00966,7.3306589,1.1436178,1.6790011,1.6790011,1.1436178,0.151,0.917406,1.970876,0.534203,0.766406,1.436673,1.436673,0.766406,0.151,0.917406,1.970876,0.534203,0.766406,1.436673,1.436673,0.766406,526,688,607,-162
108,1T-Fe1Ni1Se4,1,-8.347956874,116,110,116,113,6,3,3,6,62,49,28.9,55.5,13,26.6,26.6,13,8,10,6,9,2,3,3,2,4,4,2,4,0,2,2,0,4,6,10,5,2,5,5,2,7.1,6.6,16.5,6.85,0.5,9.65,9.65,0.5,7.9024678,7.639877,9.752392,7.7711724,0.2625908,1.9812196,1.9812196,0.2625908,0.151,1.156,2.02067,0.6535,1.005,1.36717,1.36717,1.005,0.151,1.156,2.02067,0.6535,1.005,1.36717,1.36717,1.005,526,736,631,-210
109,1T-Fe1Ni1Te4,-1,-8.906797254,116,110,136,113,6,23,23,6,62,49,38,55.5,13,17.5,17.5,13,8,10,6,9,2,3,3,2,4,4,2,4,0,2,2,0,4,6,20,5,2,15,15,2,7.1,6.6,20.5,6.85,0.5,13.65,13.65,0.5,7.9024678,7.639877,9.00966,7.7711724,0.2625908,1.2384876,1.2384876,0.2625908,0.151,1.156,1.970876,0.6535,1.005,1.317376,1.317376,1.005,0.151,1.156,1.970876,0.6535,1.005,1.317376,1.317376,1.005,526,736,631,-210
113,1T-Fe1Pd1S4,1,-7.990513904,116,120,103,118,4,15,15,4,62,26.14,19.4,44.07,35.86,24.67,24.67,35.86,8,12,6,10,4,4,4,4,4,4,2,4,0,2,2,0,4,16,0,10,12,10,10,12,7.1,8.9,15.5,8,1.8,7.5,7.5,1.8,7.9024678,8.33686,10.36001,8.1196639,0.4343922,2.2403461,2.2403461,0.4343922,0.151,0.562,2.07710403,0.3565,0.411,1.72060403,1.72060403,0.411,0.151,0.562,2.07710403,0.3565,0.411,1.72060403,1.72060403,0.411,526,1548,1037,-1022
114,1T-Fe1Pd1Se4,1,-6.657950323,116,120,116,118,4,2,2,4,62,26.14,28.9,44.07,35.86,15.17,17.93,30.34,8,12,6,10,4,4,4,4,4,4,2,4,0,2,2,0,4,16,10,10,12,0,6,0,7.1,8.9,16.5,8,1.8,8.5,8.5,1.8,7.9024678,8.33686,9.752392,8.1196639,0.4343922,1.6327281,1.6327281,0.4343922,0.151,0.562,2.02067,0.3565,0.411,1.66417,1.66417,0.411,0.151,0.562,2.02067,0.3565,0.411,1.66417,1.66417,0.411,526,1548,1037,-1022
119,1T-Fe1Rh1S4,-1,-8.743309908,116,125,103,120.5,9,17.5,17.5,9,62,66,19.4,64,4,44.6,44.6,4,8,9,6,8.5,1,2.5,2.5,1,4,5,2,4.5,1,2.5,2.5,1,4,15,0,9.5,11,9.5,9.5,11,7.1,8.3,15.5,7.7,1.2,7.8,7.8,1.2,7.9024678,7.4589,10.36001,7.6806839,0.4435678,2.6793261,2.6793261,0.4435678,0.151,1.137,2.07710403,0.644,0.986,1.43310403,1.43310403,0.986,0.151,1.137,2.07710403,0.644,0.986,1.43310403,1.43310403,0.986,526,364.5,445.25,161.5
120,1T-Fe1Rh1Se4,-1,-6.9658612,116,125,116,120.5,9,4.5,4.5,9,62,66,28.9,64,4,35.1,35.1,4,8,9,6,8.5,1,2.5,2.5,1,4,5,2,4.5,1,2.5,2.5,1,4,15,10,9.5,11,0.5,5.5,1,7.1,8.3,16.5,7.7,1.2,8.8,8.8,1.2,7.9024678,7.4589,9.752392,7.6806839,0.4435678,2.0717081,2.0717081,0.4435678,0.151,1.137,2.02067,0.644,0.986,1.37667,1.37667,0.986,0.151,1.137,2.02067,0.644,0.986,1.37667,1.37667,0.986,526,364.5,445.25,161.5
121,1T-Fe1Rh1Te4,1,-7.632382807,116,125,136,120.5,9,15.5,15.5,9,62,66,38,64,4,26,26,4,8,9,6,8.5,1,2.5,2.5,1,4,5,2,4.5,1,2.5,2.5,1,4,15,20,9.5,11,10.5,10.5,11,7.1,8.3,20.5,7.7,1.2,12.8,12.8,1.2,7.9024678,7.4589,9.00966,7.6806839,0.4435678,1.3289761,1.3289761,0.4435678,0.151,1.137,1.970876,0.644,0.986,1.326876,1.326876,0.986,0.151,1.137,1.970876,0.644,0.986,1.326876,1.326876,0.986,526,364.5,445.25,161.5
123,1T-Fe1Ru1Te4,-1,-7.194384572,116,125,136,120.5,9,15.5,15.5,9,62,72,38,67,10,29,29,10,8,8,6,8,0,2,2,0,4,4,2,4,0,2,2,0,4,14,20,9,10,11,11,10,7.1,8.3,20.5,7.7,1.2,12.8,12.8,1.2,7.9024678,7.3605,9.00966,7.6314839,0.5419678,1.3781761,1.3781761,0.5419678,0.151,1.05,1.970876,0.6005,0.899,1.370376,1.370376,0.899,0.151,1.05,1.970876,0.6005,0.899,1.370376,1.370376,0.899,526,1496,1011,-970
125,1T-Fe1Ta1S4,1,-11.13998355,116,146,103,131,30,28,28,30,62,74,19.4,68,12,48.6,48.6,12,8,5,6,6.5,3,0.5,1.5,1,4,1,2,2.5,3,0.5,1.5,1,4,21,0,12.5,17,12.5,12.5,17,7.1,10.9,15.5,9,3.8,6.5,6.5,3.8,7.9024678,7.54957,10.36001,7.7260189,0.3528978,2.6339911,2.6339911,0.3528978,0.151,0.322,2.07710403,0.2365,0.171,1.84060403,1.84060403,0.171,0.151,0.322,2.07710403,0.2365,0.171,1.84060403,1.84060403,0.171,526,2507,1516.5,-1981
126,1T-Fe1Ta1Se4,-1,-9.35173114,116,146,116,131,30,15,15,30,62,74,28.9,68,12,39.1,39.1,12,8,5,6,6.5,3,0.5,1.5,1,4,1,2,2.5,3,0.5,1.5,1,4,21,10,12.5,17,2.5,8.5,5,7.1,10.9,16.5,9,3.8,7.5,7.5,3.8,7.9024678,7.54957,9.752392,7.7260189,0.3528978,2.0263731,2.0263731,0.3528978,0.151,0.322,2.02067,0.2365,0.171,1.78417,1.78417,0.171,0.151,0.322,2.02067,0.2365,0.171,1.78417,1.78417,0.171,526,2507,1516.5,-1981
127,1T-Fe1Ta1Te4,1,-8.842854082,116,146,136,131,30,5,15,10,62,74,38,68,12,30,30,12,8,5,6,6.5,3,0.5,1.5,1,4,1,2,2.5,3,0.5,1.5,1,4,21,20,12.5,17,7.5,8.5,15,7.1,10.9,20.5,9,3.8,11.5,11.5,3.8,7.9024678,7.54957,9.00966,7.7260189,0.3528978,1.2836411,1.2836411,0.3528978,0.151,0.322,1.970876,0.2365,0.171,1.734376,1.734376,0.171,0.151,0.322,1.970876,0.2365,0.171,1.734376,1.734376,0.171,526,2507,1516.5,-1981
128,1T-Fe1Tc1S4,1,-10.24682329,116,128,103,122,12,19,19,12,62,79,19.4,70.5,17,51.1,51.1,17,8,7,6,7.5,1,1.5,1.5,1,4,3,2,3.5,1,1.5,1.5,1,4,13,0,8.5,9,8.5,8.5,9,7.1,8.5,15.5,7.8,1.4,7.7,7.7,1.4,7.9024678,7.119381,10.36001,7.5109244,0.7830868,2.8490856,2.8490856,0.7830868,0.151,0.55,2.07710403,0.3505,0.399,1.72660403,1.72660403,0.399,0.151,0.55,2.07710403,0.3505,0.399,1.72660403,1.72660403,0.399,526,1095,810.5,-569
129,1T-Fe1Tc1Se4,1,-10.21737672,116,128,116,122,12,6,6,12,62,79,28.9,70.5,17,41.6,41.6,17,8,7,6,7.5,1,1.5,1.5,1,4,3,2,3.5,1,1.5,1.5,1,4,13,10,8.5,9,1.5,4.5,3,7.1,8.5,16.5,7.8,1.4,8.7,8.7,1.4,7.9024678,7.119381,9.752392,7.5109244,0.7830868,2.2414676,2.2414676,0.7830868,0.151,0.55,2.02067,0.3505,0.399,1.67017,1.67017,0.399,0.151,0.55,2.02067,0.3505,0.399,1.67017,1.67017,0.399,526,1095,810.5,-569
130,1T-Fe1Ti1S4,1,-10.81230627,116,136,103,126,20,23,23,20,62,100,19.4,81,38,61.6,61.6,38,8,4,6,6,4,0,2,0,4,0,2,2,4,0,2,0,4,0,0,2,4,2,2,4,7.1,10.6,15.5,8.85,3.5,6.65,6.65,3.5,7.9024678,6.82812,10.36001,7.3652939,1.0743478,2.9947161,2.9947161,1.0743478,0.151,0.079,2.07710403,0.115,0.072,1.96210403,1.96210403,0.072,0.151,0.079,2.07710403,0.115,0.072,1.96210403,1.96210403,0.072,526,136,331,390
131,1T-Fe1Ti1Se4,1,-10.65489964,116,136,116,126,20,10,10,20,62,100,28.9,81,38,52.1,52.1,38,8,4,6,6,4,0,2,0,4,0,2,2,4,0,2,0,4,0,10,2,4,8,8,4,7.1,10.6,16.5,8.85,3.5,7.65,7.65,3.5,7.9024678,6.82812,9.752392,7.3652939,1.0743478,2.3870981,2.3870981,1.0743478,0.151,0.079,2.02067,0.115,0.072,1.90567,1.90567,0.072,0.151,0.079,2.02067,0.115,0.072,1.90567,1.90567,0.072,526,136,331,390
132,1T-Fe1W1S4,-1,-11.01245325,116,137,103,126.5,21,23.5,23.5,21,62,68,19.4,65,6,45.6,45.6,6,8,6,6,7,2,1,1,2,4,2,2,3,2,1,1,2,4,22,0,13,18,13,13,18,7.1,9.53,15.5,8.315,2.43,7.185,7.185,2.43,7.9024678,7.86403,10.36001,7.8832489,0.0384378,2.4767611,2.4767611,0.0384378,0.151,0.81626,2.07710403,0.48363,0.66526,1.59347403,1.59347403,0.66526,0.151,0.81626,2.07710403,0.48363,0.66526,1.59347403,1.59347403,0.66526,526,3209,1867.5,-2683
138,1T-Fe1Zn1Te4,1,-8.106806879,116,118,136,117,2,19,19,2,62,38.67,38,50.335,23.33,12.335,12.335,23.33,8,12,6,10,4,4,4,4,4,2,2,3,2,1,1,2,4,8,20,6,4,14,14,4,7.1,9.2,20.5,8.15,2.1,12.35,12.35,2.1,7.9024678,9.394199,9.00966,8.6483334,1.4917312,0.3613266,0.7458656,0.7226532,0.151,0,1.970876,0.0755,0.151,1.895376,1.895376,0.151,0.151,0,1.970876,0.0755,0.151,1.895376,1.895376,0.151,526,1146,836,-620
139,1T-Fe1Zr1S4,1,-9.8528895,116,154,103,135,38,32,32,38,62,112,19.4,87,50,67.6,67.6,50,8,4,6,6,4,0,2,0,4,0,2,2,4,0,2,0,4,10,0,7,6,7,7,6,7.1,14.1,15.5,10.6,7,4.9,4.9,7,7.9024678,6.6339,10.36001,7.2681839,1.2685678,3.0918261,3.0918261,1.2685678,0.151,0.426,2.07710403,0.2885,0.275,1.78860403,1.78860403,0.275,0.151,0.426,2.07710403,0.2885,0.275,1.78860403,1.78860403,0.275,526,481,503.5,45
140,1T-Fe2S4,1,-7.523746993,116,116,103,116,0,13,13,0,62,62,19.4,62,0,42.6,42.6,0,8,8,6,8,0,2,2,0,4,4,2,4,0,2,2,0,4,4,0,4,0,4,4,0,7.1,7.1,15.5,7.1,0,8.4,8.4,0,7.9024678,7.9024678,10.36001,7.9024678,0,2.4575422,2.4575422,0,0.151,0.151,2.07710403,0.151,0,1.92610403,1.92610403,0,0.151,0.151,2.07710403,0.151,0,1.92610403,1.92610403,0,526,526,526,0
141,1T-Fe2Se4,-1,-9.683308391,116,116,116,116,0,0,0,0,62,62,28.9,62,0,33.1,33.1,0,8,8,6,8,0,2,2,0,4,4,2,4,0,2,2,0,4,4,10,4,0,6,6,0,7.1,7.1,16.5,7.1,0,9.4,9.4,0,7.9024678,7.9024678,9.752392,7.9024678,0,1.8499242,1.8499242,0,0.151,0.151,2.02067,0.151,0,1.86967,1.86967,0,0.151,0.151,2.02067,0.151,0,1.86967,1.86967,0,526,526,526,0
148,1T-Mn1Ag1S4,1,-9.402712265,119,128,103,123.5,9,20.5,20.5,9,68,55,19.4,61.5,13,42.1,42.1,13,7,11,6,9,4,3,3,4,3,3,2,3,0,1,1,0,3,17,0,10,14,10,10,14,7.39,10.3,15.5,8.845,2.91,6.655,6.655,2.91,7.434018,7.576234,10.36001,7.505126,0.142216,2.854884,2.854884,0.142216,0,1.302,2.07710403,0.651,1.302,1.42610403,1.42610403,1.302,0,1.302,2.07710403,0.651,1.302,1.42610403,1.42610403,1.302,394,1915,1154.5,-1521
149,1T-Mn1Ag1Se4,-1,-8.249783982,119,128,116,123.5,9,7.5,7.5,9,68,55,28.9,61.5,13,32.6,32.6,13,7,11,6,9,4,3,3,4,3,3,2,3,0,1,1,0,3,17,10,10,14,0,7,0,7.39,10.3,16.5,8.845,2.91,7.655,7.655,2.91,7.434018,7.576234,9.752392,7.505126,0.142216,2.247266,2.247266,0.142216,0,1.302,2.02067,0.651,1.302,1.36967,1.36967,1.302,0,1.302,2.02067,0.651,1.302,1.36967,1.36967,1.302,394,1915,1154.5,-1521
150,1T-Mn1Ag1Te4,-1,-8.041704632,119,128,136,123.5,9,12.5,12.5,9,68,55,38,61.5,13,23.5,23.5,13,7,11,6,9,4,3,3,4,3,3,2,3,0,1,1,0,3,17,20,10,14,10,10,14,7.39,10.3,20.5,8.845,2.91,11.655,11.655,2.91,7.434018,7.576234,9.00966,7.505126,0.142216,1.504534,1.504534,0.142216,0,1.302,1.970876,0.651,1.302,1.319876,1.319876,1.302,0,1.302,1.970876,0.651,1.302,1.319876,1.319876,1.302,394,1915,1154.5,-1521
151,1T-Mn1Au1S4,1,-7.932438897,119,124,103,121.5,5,18.5,18.5,5,68,36,19.4,52,32,32.6,32.6,32,7,11,6,9,4,3,3,4,3,3,2,3,0,1,1,0,3,27,0,15,24,15,15,24,7.39,10.2,15.5,8.795,2.81,6.705,6.705,2.81,7.434018,9.225553,10.36001,8.3297855,1.791535,2.0302245,2.0302245,1.791535,0,2.30863,2.07710403,1.154315,2.30863,0.92278903,1.154315,1.84557806,0,2.30863,2.07710403,1.154315,2.30863,0.92278903,1.154315,1.84557806,394,5583,2988.5,-5189
152,1T-Mn1Au1Se4,1,-7.30528198,119,124,116,121.5,5,5.5,5.5,5,68,36,28.9,52,32,23.1,23.1,32,7,11,6,9,4,3,3,4,3,3,2,3,0,1,1,0,3,27,10,15,24,5,12,10,7.39,10.2,16.5,8.795,2.81,7.705,7.705,2.81,7.434018,9.225553,9.752392,8.3297855,1.791535,1.4226065,1.4226065,1.791535,0,2.30863,2.02067,1.154315,2.30863,0.866355,1.154315,1.73271,0,2.30863,2.02067,1.154315,2.30863,0.866355,1.154315,1.73271,394,5583,2988.5,-5189
153,1T-Mn1Au1Te4,-1,-7.212630985,119,124,136,121.5,5,14.5,14.5,5,68,36,38,52,32,14,16,28,7,11,6,9,4,3,3,4,3,3,2,3,0,1,1,0,3,27,20,15,24,5,12,10,7.39,10.2,20.5,8.795,2.81,11.705,11.705,2.81,7.434018,9.225553,9.00966,8.3297855,1.791535,0.6798745,0.8957675,1.359749,0,2.30863,1.970876,1.154315,2.30863,0.816561,1.154315,1.633122,0,2.30863,1.970876,1.154315,2.30863,0.816561,1.154315,1.633122,394,5583,2988.5,-5189
155,1T-Mn1Cd1Se4,-1,-8.807980079,119,136,116,127.5,17,11.5,11.5,17,68,46,28.9,57,22,28.1,28.1,22,7,12,6,9.5,5,3.5,3.5,5,3,2,2,2.5,1,0.5,0.5,1,3,18,10,10.5,15,0.5,7.5,1,7.39,13.1,16.5,10.245,5.71,6.255,6.255,5.71,7.434018,8.993822,9.752392,8.21392,1.559804,1.538472,1.538472,1.559804,0,0,2.02067,0,0,2.02067,2.02067,0,0,0,2.02067,0,0,2.02067,2.02067,0,394,2007,1200.5,-1613
156,1T-Mn1Cd1Te4,1,-7.477022492,119,136,136,127.5,17,8.5,8.5,17,68,46,38,57,22,19,19,22,7,12,6,9.5,5,3.5,3.5,5,3,2,2,2.5,1,0.5,0.5,1,3,18,20,10.5,15,9.5,9.5,15,7.39,13.1,20.5,10.245,5.71,10.255,10.255,5.71,7.434018,8.993822,9.00966,8.21392,1.559804,0.79574,0.79574,1.559804,0,0,1.970876,0,0,1.970876,1.970876,0,0,0,1.970876,0,0,1.970876,1.970876,0,394,2007,1200.5,-1613
157,1T-Mn1Co1S4,1,-8.738557077,119,111,103,115,8,12,12,8,68,55,19.4,61.5,13,42.1,42.1,13,7,9,6,8,2,2,2,2,3,5,2,4,2,2,2,2,3,5,0,4,2,4,4,2,7.39,6.7,15.5,7.045,0.69,8.455,8.455,0.69,7.434018,7.88101,10.36001,7.657514,0.446992,2.702496,2.702496,0.446992,0,0.66225646,2.07710403,0.33112823,0.66225646,1.7459758,1.7459758,0.66225646,0,0.66225646,2.07710403,0.33112823,0.66225646,1.7459758,1.7459758,0.66225646,394,94,244,300
158,1T-Mn1Co1Se4,1,-8.460647465,119,111,116,115,8,1,4,2,68,55,28.9,61.5,13,32.6,32.6,13,7,9,6,8,2,2,2,2,3,5,2,4,2,2,2,2,3,5,10,4,2,6,6,2,7.39,6.7,16.5,7.045,0.69,9.455,9.455,0.69,7.434018,7.88101,9.752392,7.657514,0.446992,2.094878,2.094878,0.446992,0,0.66225646,2.02067,0.33112823,0.66225646,1.68954177,1.68954177,0.66225646,0,0.66225646,2.02067,0.33112823,0.66225646,1.68954177,1.68954177,0.66225646,394,94,244,300
159,1T-Mn1Co1Te4,1,-9.562027774,119,111,136,115,8,21,21,8,68,55,38,61.5,13,23.5,23.5,13,7,9,6,8,2,2,2,2,3,5,2,4,2,2,2,2,3,5,20,4,2,16,16,2,7.39,6.7,20.5,7.045,0.69,13.455,13.455,0.69,7.434018,7.88101,9.00966,7.657514,0.446992,1.352146,1.352146,0.446992,0,0.66225646,1.970876,0.33112823,0.66225646,1.63974777,1.63974777,0.66225646,0,0.66225646,1.970876,0.33112823,0.66225646,1.63974777,1.63974777,0.66225646,394,94,244,300
160,1T-Mn1Cr1S4,1,-11.36321319,119,122,103,120.5,3,17.5,17.5,3,68,83,19.4,75.5,15,56.1,56.1,15,7,6,6,6.5,1,0.5,0.5,1,3,2,2,2.5,1,0.5,0.5,1,3,2,0,2.5,1,2.5,2.5,1,7.39,7.23,15.5,7.31,0.16,8.19,8.19,0.16,7.434018,6.76651,10.36001,7.100264,0.667508,3.259746,3.259746,0.667508,0,0.666,2.07710403,0.333,0.666,1.74410403,1.74410403,0.666,0,0.666,2.07710403,0.333,0.666,1.74410403,1.74410403,0.666,394,298,346,96
161,1T-Mn1Cr1Se4,-1,-8.950903465,119,122,116,120.5,3,4.5,4.5,3,68,83,28.9,75.5,15,46.6,46.6,15,7,6,6,6.5,1,0.5,0.5,1,3,2,2,2.5,1,0.5,0.5,1,3,2,10,2.5,1,7.5,7.5,1,7.39,7.23,16.5,7.31,0.16,9.19,9.19,0.16,7.434018,6.76651,9.752392,7.100264,0.667508,2.652128,2.652128,0.667508,0,0.666,2.02067,0.333,0.666,1.68767,1.68767,0.666,0,0.666,2.02067,0.333,0.666,1.68767,1.68767,0.666,394,298,346,96
162,1T-Mn1Cr1Te4,1,-7.208225438,119,122,136,120.5,3,15.5,15.5,3,68,83,38,75.5,15,37.5,37.5,15,7,6,6,6.5,1,0.5,0.5,1,3,2,2,2.5,1,0.5,0.5,1,3,2,20,2.5,1,17.5,17.5,1,7.39,7.23,20.5,7.31,0.16,13.19,13.19,0.16,7.434018,6.76651,9.00966,7.100264,0.667508,1.909396,1.909396,0.667508,0,0.666,1.970876,0.333,0.666,1.637876,1.637876,0.666,0,0.666,1.970876,0.333,0.666,1.637876,1.637876,0.666,394,298,346,96
163,1T-Mn1Cu1S4,1,-10.96278298,119,112,103,115.5,7,12.5,12.5,7,68,46.5,19.4,57.25,21.5,37.85,37.85,21.5,7,11,6,9,4,3,3,4,3,3,2,3,0,1,1,0,3,7,0,5,4,5,5,4,7.39,7.1,15.5,7.245,0.29,8.255,8.255,0.29,7.434018,7.72638,10.36001,7.580199,0.292362,2.779811,2.779811,0.292362,0,1.235,2.07710403,0.6175,1.235,1.45960403,1.45960403,1.235,0,1.235,2.07710403,0.6175,1.235,1.45960403,1.45960403,1.235,394,952,673,-558
164,1T-Mn1Cu1Se4,-1,-9.642200791,119,112,116,115.5,7,0.5,3.5,1,68,46.5,28.9,57.25,21.5,28.35,28.35,21.5,7,11,6,9,4,3,3,4,3,3,2,3,0,1,1,0,3,7,10,5,4,5,5,4,7.39,7.1,16.5,7.245,0.29,9.255,9.255,0.29,7.434018,7.72638,9.752392,7.580199,0.292362,2.172193,2.172193,0.292362,0,1.235,2.02067,0.6175,1.235,1.40317,1.40317,1.235,0,1.235,2.02067,0.6175,1.235,1.40317,1.40317,1.235,394,952,673,-558
165,1T-Mn1Cu1Te4,-1,-9.612236855,119,112,136,115.5,7,20.5,20.5,7,68,46.5,38,57.25,21.5,19.25,19.25,21.5,7,11,6,9,4,3,3,4,3,3,2,3,0,1,1,0,3,7,20,5,4,15,15,4,7.39,7.1,20.5,7.245,0.29,13.255,13.255,0.29,7.434018,7.72638,9.00966,7.580199,0.292362,1.429461,1.429461,0.292362,0,1.235,1.970876,0.6175,1.235,1.353376,1.353376,1.235,0,1.235,1.970876,0.6175,1.235,1.353376,1.353376,1.235,394,952,673,-558
166,1T-Mn1Fe1S4,-1,-9.535724312,119,116,103,117.5,3,14.5,14.5,3,68,62,19.4,65,6,45.6,45.6,6,7,8,6,7.5,1,1.5,1.5,1,3,4,2,3.5,1,1.5,1.5,1,3,4,0,3.5,1,3.5,3.5,1,7.39,7.1,15.5,7.245,0.29,8.255,8.255,0.29,7.434018,7.9024678,10.36001,7.6682429,0.4684498,2.6917671,2.6917671,0.4684498,0,0.151,2.07710403,0.0755,0.151,2.00160403,2.00160403,0.151,0,0.151,2.07710403,0.0755,0.151,2.00160403,2.00160403,0.151,394,526,460,-132
167,1T-Mn1Fe1Se4,1,-9.01075208,119,116,116,117.5,3,1.5,1.5,3,68,62,28.9,65,6,36.1,36.1,6,7,8,6,7.5,1,1.5,1.5,1,3,4,2,3.5,1,1.5,1.5,1,3,4,10,3.5,1,6.5,6.5,1,7.39,7.1,16.5,7.245,0.29,9.255,9.255,0.29,7.434018,7.9024678,9.752392,7.6682429,0.4684498,2.0841491,2.0841491,0.4684498,0,0.151,2.02067,0.0755,0.151,1.94517,1.94517,0.151,0,0.151,2.02067,0.0755,0.151,1.94517,1.94517,0.151,394,526,460,-132
168,1T-Mn1Fe1Te4,1,-8.255059723,119,116,136,117.5,3,18.5,18.5,3,68,62,38,65,6,27,27,6,7,8,6,7.5,1,1.5,1.5,1,3,4,2,3.5,1,1.5,1.5,1,3,4,20,3.5,1,16.5,16.5,1,7.39,7.1,20.5,7.245,0.29,13.255,13.255,0.29,7.434018,7.9024678,9.00966,7.6682429,0.4684498,1.3414171,1.3414171,0.4684498,0,0.151,1.970876,0.0755,0.151,1.895376,1.895376,0.151,0,0.151,1.970876,0.0755,0.151,1.895376,1.895376,0.151,394,526,460,-132
169,1T-Mn1Hf1S4,1,-9.297097236,119,152,103,135.5,33,32.5,32.5,33,68,103,19.4,85.5,35,66.1,66.1,35,7,4,6,5.5,3,0.5,1.5,1,3,0,2,1.5,3,0.5,1.5,1,3,20,0,11.5,17,11.5,11.5,17,7.39,13.6,15.5,10.495,6.21,5.005,5.005,6.21,7.434018,6.82507,10.36001,7.129544,0.608948,3.230466,3.230466,0.608948,0,0.014,2.07710403,0.007,0.014,2.07010403,2.07010403,0.014,0,0.014,2.07710403,0.007,0.014,2.07010403,2.07010403,0.014,394,1974,1184,-1580
170,1T-Mn1Hf1Se4,-1,-8.309650706,119,152,116,135.5,33,19.5,19.5,33,68,103,28.9,85.5,35,56.6,56.6,35,7,4,6,5.5,3,0.5,1.5,1,3,0,2,1.5,3,0.5,1.5,1,3,20,10,11.5,17,1.5,8.5,3,7.39,13.6,16.5,10.495,6.21,6.005,6.005,6.21,7.434018,6.82507,9.752392,7.129544,0.608948,2.622848,2.622848,0.608948,0,0.014,2.02067,0.007,0.014,2.01367,2.01367,0.014,0,0.014,2.02067,0.007,0.014,2.01367,2.01367,0.014,394,1974,1184,-1580
172,1T-Mn1Hg1S4,1,-9.683388631,119,133,103,126,14,23,23,14,68,33.91,19.4,50.955,34.09,31.555,31.555,34.09,7,12,6,9.5,5,3.5,3.5,5,3,2,2,2.5,1,0.5,0.5,1,3,28,0,15.5,25,15.5,15.5,25,7.39,14.8,15.5,11.095,7.41,4.405,4.405,7.41,7.434018,10.437504,10.36001,8.935761,3.003486,1.424249,1.501743,2.848498,0,0,2.07710403,0,0,2.07710403,2.07710403,0,0,0,2.07710403,0,0,2.07710403,2.07710403,0,394,6400,3397,-6006
174,1T-Mn1Hg1Te4,1,-7.515697714,119,133,136,126,14,10,10,14,68,33.91,38,50.955,34.09,12.955,17.045,25.91,7,12,6,9.5,5,3.5,3.5,5,3,2,2,2.5,1,0.5,0.5,1,3,28,20,15.5,25,4.5,12.5,9,7.39,14.8,20.5,11.095,7.41,9.405,9.405,7.41,7.434018,10.437504,9.00966,8.935761,3.003486,0.073899,1.501743,0.147798,0,0,1.970876,0,0,1.970876,1.970876,0,0,0,1.970876,0,0,1.970876,1.970876,0,394,6400,3397,-6006
175,1T-Mn1Ir1S4,-1,-7.886746223,119,122,103,120.5,3,17.5,17.5,3,68,54,19.4,61,14,41.6,41.6,14,7,9,6,8,2,2,2,2,3,5,2,4,2,2,2,2,3,25,0,14,22,14,14,22,7.39,8.54,15.5,7.965,1.15,7.535,7.535,1.15,7.434018,8.96702,10.36001,8.200519,1.533002,2.159491,2.159491,1.533002,0,1.5638,2.07710403,0.7819,1.5638,1.29520403,1.29520403,1.5638,0,1.5638,2.07710403,0.7819,1.5638,1.29520403,1.29520403,1.5638,394,2597,1495.5,-2203
176,1T-Mn1Ir1Se4,-1,-9.000890148,119,122,116,120.5,3,4.5,4.5,3,68,54,28.9,61,14,32.1,32.1,14,7,9,6,8,2,2,2,2,3,5,2,4,2,2,2,2,3,25,10,14,22,4,11,8,7.39,8.54,16.5,7.965,1.15,8.535,8.535,1.15,7.434018,8.96702,9.752392,8.200519,1.533002,1.551873,1.551873,1.533002,0,1.5638,2.02067,0.7819,1.5638,1.23877,1.23877,1.5638,0,1.5638,2.02067,0.7819,1.5638,1.23877,1.23877,1.5638,394,2597,1495.5,-2203
177,1T-Mn1Ir1Te4,1,-8.372811502,119,122,136,120.5,3,15.5,15.5,3,68,54,38,61,14,23,23,14,7,9,6,8,2,2,2,2,3,5,2,4,2,2,2,2,3,25,20,14,22,6,11,12,7.39,8.54,20.5,7.965,1.15,12.535,12.535,1.15,7.434018,8.96702,9.00966,8.200519,1.533002,0.809141,0.809141,1.533002,0,1.5638,1.970876,0.7819,1.5638,1.188976,1.188976,1.5638,0,1.5638,1.970876,0.7819,1.5638,1.188976,1.188976,1.5638,394,2597,1495.5,-2203
178,1T-Mn1Lu1S4,-1,-8.805742306,119,162,103,140.5,43,37.5,37.5,43,68,137,19.4,102.5,69,83.1,83.1,69,7,2,6,4.5,5,1.5,2.5,3,3,1,2,2,2,0,1,0,3,20,0,11.5,17,11.5,11.5,17,7.39,17.8,15.5,12.595,10.41,2.905,5.205,5.81,7.434018,5.425871,10.36001,6.4299445,2.008147,3.9300655,3.9300655,2.008147,0,0.34,2.07710403,0.17,0.34,1.90710403,1.90710403,0.34,0,0.34,2.07710403,0.17,0.34,1.90710403,1.90710403,0.34,394,601,497.5,-207
179,1T-Mn1Lu1Se4,-1,-9.530614509,119,162,116,140.5,43,24.5,24.5,43,68,137,28.9,102.5,69,73.6,73.6,69,7,2,6,4.5,5,1.5,2.5,3,3,1,2,2,2,0,1,0,3,20,10,11.5,17,1.5,8.5,3,7.39,17.8,16.5,12.595,10.41,3.905,5.205,7.81,7.434018,5.425871,9.752392,6.4299445,2.008147,3.3224475,3.3224475,2.008147,0,0.34,2.02067,0.17,0.34,1.85067,1.85067,0.34,0,0.34,2.02067,0.17,0.34,1.85067,1.85067,0.34,394,601,497.5,-207
181,1T-Mn1Mo1S4,1,-10.31915452,119,138,103,128.5,19,25.5,25.5,19,68,87,19.4,77.5,19,58.1,58.1,19,7,6,6,6.5,1,0.5,0.5,1,3,2,2,2.5,1,0.5,0.5,1,3,12,0,7.5,9,7.5,7.5,9,7.39,9.4,15.5,8.395,2.01,7.105,7.105,2.01,7.434018,7.09243,10.36001,7.263224,0.341588,3.096786,3.096786,0.341588,0,0.748,2.07710403,0.374,0.748,1.70310403,1.70310403,0.748,0,0.748,2.07710403,0.374,0.748,1.70310403,1.70310403,0.748,394,901,647.5,-507
182,1T-Mn1Mo1Se4,1,-11.34233916,119,138,116,128.5,19,12.5,12.5,19,68,87,28.9,77.5,19,48.6,48.6,19,7,6,6,6.5,1,0.5,0.5,1,3,2,2,2.5,1,0.5,0.5,1,3,12,10,7.5,9,2.5,4.5,5,7.39,9.4,16.5,8.395,2.01,8.105,8.105,2.01,7.434018,7.09243,9.752392,7.263224,0.341588,2.489168,2.489168,0.341588,0,0.748,2.02067,0.374,0.748,1.64667,1.64667,0.748,0,0.748,2.02067,0.374,0.748,1.64667,1.64667,0.748,394,901,647.5,-507
183,1T-Mn1Mo1Te4,-1,-9.430114606,119,138,136,128.5,19,7.5,9.5,15,68,87,38,77.5,19,39.5,39.5,19,7,6,6,6.5,1,0.5,0.5,1,3,2,2,2.5,1,0.5,0.5,1,3,12,20,7.5,9,12.5,12.5,9,7.39,9.4,20.5,8.395,2.01,12.105,12.105,2.01,7.434018,7.09243,9.00966,7.263224,0.341588,1.746436,1.746436,0.341588,0,0.748,1.970876,0.374,0.748,1.596876,1.596876,0.748,0,0.748,1.970876,0.374,0.748,1.596876,1.596876,0.748,394,901,647.5,-507
184,1T-Mn1Nb1S4,1,-9.107197313,119,147,103,133,28,30,30,28,68,98,19.4,83,30,63.6,63.6,30,7,5,6,6,2,0,1,0,3,1,2,2,2,0,1,0,3,11,0,7,8,7,7,8,7.39,10.8,15.5,9.095,3.41,6.405,6.405,3.41,7.434018,6.75885,10.36001,7.096434,0.675168,3.263576,3.263576,0.675168,0,0.917406,2.07710403,0.458703,0.917406,1.61840103,1.61840103,0.917406,0,0.917406,2.07710403,0.458703,0.917406,1.61840103,1.61840103,0.917406,394,688,541,-294
185,1T-Mn1Nb1Se4,-1,-9.512053758,119,147,116,133,28,17,17,28,68,98,28.9,83,30,54.1,54.1,30,7,5,6,6,2,0,1,0,3,1,2,2,2,0,1,0,3,11,10,7,8,3,4,6,7.39,10.8,16.5,9.095,3.41,7.405,7.405,3.41,7.434018,6.75885,9.752392,7.096434,0.675168,2.655958,2.655958,0.675168,0,0.917406,2.02067,0.458703,0.917406,1.561967,1.561967,0.917406,0,0.917406,2.02067,0.458703,0.917406,1.561967,1.561967,0.917406,394,688,541,-294
186,1T-Mn1Nb1Te4,-1,-9.510364968,119,147,136,133,28,3,14,6,68,98,38,83,30,45,45,30,7,5,6,6,2,0,1,0,3,1,2,2,2,0,1,0,3,11,20,7,8,13,13,8,7.39,10.8,20.5,9.095,3.41,11.405,11.405,3.41,7.434018,6.75885,9.00966,7.096434,0.675168,1.913226,1.913226,0.675168,0,0.917406,1.970876,0.458703,0.917406,1.512173,1.512173,0.917406,0,0.917406,1.970876,0.458703,0.917406,1.512173,1.512173,0.917406,394,688,541,-294
188,1T-Mn1Ni1Se4,-1,-8.728686126,119,110,116,114.5,9,1.5,4.5,3,68,49,28.9,58.5,19,29.6,29.6,19,7,10,6,8.5,3,2.5,2.5,3,3,4,2,3.5,1,1.5,1.5,1,3,6,10,4.5,3,5.5,5.5,3,7.39,6.6,16.5,6.995,0.79,9.505,9.505,0.79,7.434018,7.639877,9.752392,7.5369475,0.205859,2.2154445,2.2154445,0.205859,0,1.156,2.02067,0.578,1.156,1.44267,1.44267,1.156,0,1.156,2.02067,0.578,1.156,1.44267,1.44267,1.156,394,736,565,-342
189,1T-Mn1Ni1Te4,-1,-7.873144348,119,110,136,114.5,9,21.5,21.5,9,68,49,38,58.5,19,20.5,20.5,19,7,10,6,8.5,3,2.5,2.5,3,3,4,2,3.5,1,1.5,1.5,1,3,6,20,4.5,3,15.5,15.5,3,7.39,6.6,20.5,6.995,0.79,13.505,13.505,0.79,7.434018,7.639877,9.00966,7.5369475,0.205859,1.4727125,1.4727125,0.205859,0,1.156,1.970876,0.578,1.156,1.392876,1.392876,1.156,0,1.156,1.970876,0.578,1.156,1.392876,1.392876,1.156,394,736,565,-342
190,1T-Mn1Os1S4,-1,-8.660255574,119,129,103,124,10,21,21,10,68,57,19.4,62.5,11,43.1,43.1,11,7,8,6,7.5,1,1.5,1.5,1,3,4,2,3.5,1,1.5,1.5,1,3,24,0,13.5,21,13.5,13.5,21,7.39,8.43,15.5,7.91,1.04,7.59,7.59,1.04,7.434018,8.43823,10.36001,7.936124,1.004212,2.423886,2.423886,1.004212,0,1.1,2.07710403,0.55,1.1,1.52710403,1.52710403,1.1,0,1.1,2.07710403,0.55,1.1,1.52710403,1.52710403,1.1,394,6718,3556,-6324
192,1T-Mn1Os1Te4,1,-6.847855626,119,129,136,124,10,12,12,10,68,57,38,62.5,11,24.5,24.5,11,7,8,6,7.5,1,1.5,1.5,1,3,4,2,3.5,1,1.5,1.5,1,3,24,20,13.5,21,6.5,10.5,13,7.39,8.43,20.5,7.91,1.04,12.59,12.59,1.04,7.434018,8.43823,9.00966,7.936124,1.004212,1.073536,1.073536,1.004212,0,1.1,1.970876,0.55,1.1,1.420876,1.420876,1.1,0,1.1,1.970876,0.55,1.1,1.420876,1.420876,1.1,394,6718,3556,-6324
193,1T-Mn1Pd1S4,-1,-11.77884605,119,120,103,119.5,1,16.5,16.5,1,68,26.14,19.4,47.07,41.86,27.67,27.67,41.86,7,12,6,9.5,5,3.5,3.5,5,3,4,2,3.5,1,1.5,1.5,1,3,16,0,9.5,13,9.5,9.5,13,7.39,8.9,15.5,8.145,1.51,7.355,7.355,1.51,7.434018,8.33686,10.36001,7.885439,0.902842,2.474571,2.474571,0.902842,0,0.562,2.07710403,0.281,0.562,1.79610403,1.79610403,0.562,0,0.562,2.07710403,0.281,0.562,1.79610403,1.79610403,0.562,394,1548,971,-1154
194,1T-Mn1Pd1Se4,-1,-9.581983932,119,120,116,119.5,1,3.5,3.5,1,68,26.14,28.9,47.07,41.86,18.17,20.93,36.34,7,12,6,9.5,5,3.5,3.5,5,3,4,2,3.5,1,1.5,1.5,1,3,16,10,9.5,13,0.5,6.5,1,7.39,8.9,16.5,8.145,1.51,8.355,8.355,1.51,7.434018,8.33686,9.752392,7.885439,0.902842,1.866953,1.866953,0.902842,0,0.562,2.02067,0.281,0.562,1.73967,1.73967,0.562,0,0.562,2.02067,0.281,0.562,1.73967,1.73967,0.562,394,1548,971,-1154
195,1T-Mn1Pd1Te4,-1,-7.346260241,119,120,136,119.5,1,16.5,16.5,1,68,26.14,38,47.07,41.86,9.07,20.93,18.14,7,12,6,9.5,5,3.5,3.5,5,3,4,2,3.5,1,1.5,1.5,1,3,16,20,9.5,13,10.5,10.5,13,7.39,8.9,20.5,8.145,1.51,12.355,12.355,1.51,7.434018,8.33686,9.00966,7.885439,0.902842,1.124221,1.124221,0.902842,0,0.562,1.970876,0.281,0.562,1.689876,1.689876,0.562,0,0.562,1.970876,0.281,0.562,1.689876,1.689876,0.562,394,1548,971,-1154
196,1T-Mn1Pt1S4,-1,-8.346459347,119,123,103,121,4,18,18,4,68,48,19.4,58,20,38.6,38.6,20,7,10,6,8.5,3,2.5,2.5,3,3,4,2,3.5,1,1.5,1.5,1,3,26,0,14.5,23,14.5,14.5,23,7.39,9.1,15.5,8.245,1.71,7.255,7.255,1.71,7.434018,8.95883,10.36001,8.196424,1.524812,2.163586,2.163586,1.524812,0,2.128,2.07710403,1.064,2.128,1.01310403,1.064,2.02620806,0,2.128,2.07710403,1.064,2.128,1.01310403,1.064,2.02620806,394,3711,2052.5,-3317
197,1T-Mn1Pt1Se4,1,-8.098927034,119,123,116,121,4,5,5,4,68,48,28.9,58,20,29.1,29.1,20,7,10,6,8.5,3,2.5,2.5,3,3,4,2,3.5,1,1.5,1.5,1,3,26,10,14.5,23,4.5,11.5,9,7.39,9.1,16.5,8.245,1.71,8.255,8.255,1.71,7.434018,8.95883,9.752392,8.196424,1.524812,1.555968,1.555968,1.524812,0,2.128,2.02067,1.064,2.128,0.95667,1.064,1.91334,0,2.128,2.02067,1.064,2.128,0.95667,1.064,1.91334,394,3711,2052.5,-3317
198,1T-Mn1Pt1Te4,-1,-7.87142592,119,123,136,121,4,15,15,4,68,48,38,58,20,20,20,20,7,10,6,8.5,3,2.5,2.5,3,3,4,2,3.5,1,1.5,1.5,1,3,26,20,14.5,23,5.5,11.5,11,7.39,9.1,20.5,8.245,1.71,12.255,12.255,1.71,7.434018,8.95883,9.00966,8.196424,1.524812,0.813236,0.813236,1.524812,0,2.128,1.970876,1.064,2.128,0.906876,1.064,1.813752,0,2.128,1.970876,1.064,2.128,0.906876,1.064,1.813752,394,3711,2052.5,-3317
202,1T-Mn1Rh1S4,1,-9.067539573,119,125,103,122,6,19,19,6,68,66,19.4,67,2,47.6,47.6,2,7,9,6,8,2,2,2,2,3,5,2,4,2,2,2,2,3,15,0,9,12,9,9,12,7.39,8.3,15.5,7.845,0.91,7.655,7.655,0.91,7.434018,7.4589,10.36001,7.446459,0.024882,2.913551,2.913551,0.024882,0,1.137,2.07710403,0.5685,1.137,1.50860403,1.50860403,1.137,0,1.137,2.07710403,0.5685,1.137,1.50860403,1.50860403,1.137,394,364.5,379.25,29.5
203,1T-Mn1Rh1Se4,1,-7.936235345,119,125,116,122,6,6,6,6,68,66,28.9,67,2,38.1,38.1,2,7,9,6,8,2,2,2,2,3,5,2,4,2,2,2,2,3,15,10,9,12,1,6,2,7.39,8.3,16.5,7.845,0.91,8.655,8.655,0.91,7.434018,7.4589,9.752392,7.446459,0.024882,2.305933,2.305933,0.024882,0,1.137,2.02067,0.5685,1.137,1.45217,1.45217,1.137,0,1.137,2.02067,0.5685,1.137,1.45217,1.45217,1.137,394,364.5,379.25,29.5
204,1T-Mn1Rh1Te4,-1,-8.933693969,119,125,136,122,6,14,14,6,68,66,38,67,2,29,29,2,7,9,6,8,2,2,2,2,3,5,2,4,2,2,2,2,3,15,20,9,12,11,11,12,7.39,8.3,20.5,7.845,0.91,12.655,12.655,0.91,7.434018,7.4589,9.00966,7.446459,0.024882,1.563201,1.563201,0.024882,0,1.137,1.970876,0.5685,1.137,1.402376,1.402376,1.137,0,1.137,1.970876,0.5685,1.137,1.402376,1.402376,1.137,394,364.5,379.25,29.5
205,1T-Mn1Ru1S4,1,-9.76764633,119,125,103,122,6,19,19,6,68,72,19.4,70,4,50.6,50.6,4,7,8,6,7.5,1,1.5,1.5,1,3,4,2,3.5,1,1.5,1.5,1,3,14,0,8.5,11,8.5,8.5,11,7.39,8.3,15.5,7.845,0.91,7.655,7.655,0.91,7.434018,7.3605,10.36001,7.397259,0.073518,2.962751,2.962751,0.073518,0,1.05,2.07710403,0.525,1.05,1.55210403,1.55210403,1.05,0,1.05,2.07710403,0.525,1.05,1.55210403,1.55210403,1.05,394,1496,945,-1102
207,1T-Mn1Ru1Te4,1,-7.282419638,119,125,136,122,6,14,14,6,68,72,38,70,4,32,32,4,7,8,6,7.5,1,1.5,1.5,1,3,4,2,3.5,1,1.5,1.5,1,3,14,20,8.5,11,11.5,11.5,11,7.39,8.3,20.5,7.845,0.91,12.655,12.655,0.91,7.434018,7.3605,9.00966,7.397259,0.073518,1.612401,1.612401,0.073518,0,1.05,1.970876,0.525,1.05,1.445876,1.445876,1.05,0,1.05,1.970876,0.525,1.05,1.445876,1.445876,1.05,394,1496,945,-1102
208,1T-Mn1Sc1S4,-1,-9.722917529,119,148,103,133.5,29,30.5,30.5,29,68,97,19.4,82.5,29,63.1,63.1,29,7,3,6,5,4,1,2,2,3,1,2,2,2,0,1,0,3,0,0,1.5,3,1.5,1.5,3,7.39,15,15.5,11.195,7.61,4.305,4.305,7.61,7.434018,6.56149,10.36001,6.997754,0.872528,3.362256,3.362256,0.872528,0,0.188,2.07710403,0.094,0.188,1.98310403,1.98310403,0.188,0,0.188,2.07710403,0.094,0.188,1.98310403,1.98310403,0.188,394,76,235,318
209,1T-Mn1Sc1Se4,-1,-9.67348756,119,148,116,133.5,29,17.5,17.5,29,68,97,28.9,82.5,29,53.6,53.6,29,7,3,6,5,4,1,2,2,3,1,2,2,2,0,1,0,3,0,10,1.5,3,8.5,8.5,3,7.39,15,16.5,11.195,7.61,5.305,5.305,7.61,7.434018,6.56149,9.752392,6.997754,0.872528,2.754638,2.754638,0.872528,0,0.188,2.02067,0.094,0.188,1.92667,1.92667,0.188,0,0.188,2.02067,0.094,0.188,1.92667,1.92667,0.188,394,76,235,318
210,1T-Mn1Sc1Te4,-1,-8.589253262,119,148,136,133.5,29,2.5,14.5,5,68,97,38,82.5,29,44.5,44.5,29,7,3,6,5,4,1,2,2,3,1,2,2,2,0,1,0,3,0,20,1.5,3,18.5,18.5,3,7.39,15,20.5,11.195,7.61,9.305,9.305,7.61,7.434018,6.56149,9.00966,6.997754,0.872528,2.011906,2.011906,0.872528,0,0.188,1.970876,0.094,0.188,1.876876,1.876876,0.188,0,0.188,1.970876,0.094,0.188,1.876876,1.876876,0.188,394,76,235,318
211,1T-Mn1Ta1S4,1,-9.66486443,119,146,103,132.5,27,29.5,29.5,27,68,74,19.4,71,6,51.6,51.6,6,7,5,6,6,2,0,1,0,3,1,2,2,2,0,1,0,3,21,0,12,18,12,12,18,7.39,10.9,15.5,9.145,3.51,6.355,6.355,3.51,7.434018,7.54957,10.36001,7.491794,0.115552,2.868216,2.868216,0.115552,0,0.322,2.07710403,0.161,0.322,1.91610403,1.91610403,0.322,0,0.322,2.07710403,0.161,0.322,1.91610403,1.91610403,0.322,394,2507,1450.5,-2113
212,1T-Mn1Ta1Se4,-1,-8.026682526,119,146,116,132.5,27,16.5,16.5,27,68,74,28.9,71,6,42.1,42.1,6,7,5,6,6,2,0,1,0,3,1,2,2,2,0,1,0,3,21,10,12,18,2,9,4,7.39,10.9,16.5,9.145,3.51,7.355,7.355,3.51,7.434018,7.54957,9.752392,7.491794,0.115552,2.260598,2.260598,0.115552,0,0.322,2.02067,0.161,0.322,1.85967,1.85967,0.322,0,0.322,2.02067,0.161,0.322,1.85967,1.85967,0.322,394,2507,1450.5,-2113
213,1T-Mn1Ta1Te4,-1,-6.680994279,119,146,136,132.5,27,3.5,13.5,7,68,74,38,71,6,33,33,6,7,5,6,6,2,0,1,0,3,1,2,2,2,0,1,0,3,21,20,12,18,8,9,16,7.39,10.9,20.5,9.145,3.51,11.355,11.355,3.51,7.434018,7.54957,9.00966,7.491794,0.115552,1.517866,1.517866,0.115552,0,0.322,1.970876,0.161,0.322,1.809876,1.809876,0.322,0,0.322,1.970876,0.161,0.322,1.809876,1.809876,0.322,394,2507,1450.5,-2113
214,1T-Mn1Tc1S4,-1,-11.05360368,119,128,103,123.5,9,20.5,20.5,9,68,79,19.4,73.5,11,54.1,54.1,11,7,7,6,7,0,1,1,0,3,3,2,3,0,1,1,0,3,13,0,8,10,8,8,10,7.39,8.5,15.5,7.945,1.11,7.555,7.555,1.11,7.434018,7.119381,10.36001,7.2766995,0.314637,3.0833105,3.0833105,0.314637,0,0.55,2.07710403,0.275,0.55,1.80210403,1.80210403,0.55,0,0.55,2.07710403,0.275,0.55,1.80210403,1.80210403,0.55,394,1095,744.5,-701
215,1T-Mn1Tc1Se4,-1,-8.4873917,119,128,116,123.5,9,7.5,7.5,9,68,79,28.9,73.5,11,44.6,44.6,11,7,7,6,7,0,1,1,0,3,3,2,3,0,1,1,0,3,13,10,8,10,2,5,4,7.39,8.5,16.5,7.945,1.11,8.555,8.555,1.11,7.434018,7.119381,9.752392,7.2766995,0.314637,2.4756925,2.4756925,0.314637,0,0.55,2.02067,0.275,0.55,1.74567,1.74567,0.55,0,0.55,2.02067,0.275,0.55,1.74567,1.74567,0.55,394,1095,744.5,-701
216,1T-Mn1Tc1Te4,-1,-8.18571555,119,128,136,123.5,9,12.5,12.5,9,68,79,38,73.5,11,35.5,35.5,11,7,7,6,7,0,1,1,0,3,3,2,3,0,1,1,0,3,13,20,8,10,12,12,10,7.39,8.5,20.5,7.945,1.11,12.555,12.555,1.11,7.434018,7.119381,9.00966,7.2766995,0.314637,1.7329605,1.7329605,0.314637,0,0.55,1.970876,0.275,0.55,1.695876,1.695876,0.55,0,0.55,1.970876,0.275,0.55,1.695876,1.695876,0.55,394,1095,744.5,-701
217,1T-Mn1Ti1S4,1,-10.11668077,119,136,103,127.5,17,24.5,24.5,17,68,100,19.4,84,32,64.6,64.6,32,7,4,6,5.5,3,0.5,1.5,1,3,0,2,1.5,3,0.5,1.5,1,3,0,0,1.5,3,1.5,1.5,3,7.39,10.6,15.5,8.995,3.21,6.505,6.505,3.21,7.434018,6.82812,10.36001,7.131069,0.605898,3.228941,3.228941,0.605898,0,0.079,2.07710403,0.0395,0.079,2.03760403,2.03760403,0.079,0,0.079,2.07710403,0.0395,0.079,2.03760403,2.03760403,0.079,394,136,265,258
218,1T-Mn1Ti1Se4,1,-8.400343925,119,136,116,127.5,17,11.5,11.5,17,68,100,28.9,84,32,55.1,55.1,32,7,4,6,5.5,3,0.5,1.5,1,3,0,2,1.5,3,0.5,1.5,1,3,0,10,1.5,3,8.5,8.5,3,7.39,10.6,16.5,8.995,3.21,7.505,7.505,3.21,7.434018,6.82812,9.752392,7.131069,0.605898,2.621323,2.621323,0.605898,0,0.079,2.02067,0.0395,0.079,1.98117,1.98117,0.079,0,0.079,2.02067,0.0395,0.079,1.98117,1.98117,0.079,394,136,265,258
219,1T-Mn1Ti1Te4,1,-10.44821473,119,136,136,127.5,17,8.5,8.5,17,68,100,38,84,32,46,46,32,7,4,6,5.5,3,0.5,1.5,1,3,0,2,1.5,3,0.5,1.5,1,3,0,20,1.5,3,18.5,18.5,3,7.39,10.6,20.5,8.995,3.21,11.505,11.505,3.21,7.434018,6.82812,9.00966,7.131069,0.605898,1.878591,1.878591,0.605898,0,0.079,1.970876,0.0395,0.079,1.931376,1.931376,0.079,0,0.079,1.970876,0.0395,0.079,1.931376,1.931376,0.079,394,136,265,258
220,1T-Mn1V1S4,1,-9.09835187,119,134,103,126.5,15,23.5,23.5,15,68,87,19.4,77.5,19,58.1,58.1,19,7,5,6,6,2,0,1,0,3,1,2,2,2,0,1,0,3,1,0,2,2,2,2,2,7.39,8.35,15.5,7.87,0.96,7.63,7.63,0.96,7.434018,6.746187,10.36001,7.0901025,0.687831,3.2699075,3.2699075,0.687831,0,0.525,2.07710403,0.2625,0.525,1.81460403,1.81460403,0.525,0,0.525,2.07710403,0.2625,0.525,1.81460403,1.81460403,0.525,394,218,306,176
221,1T-Mn1V1Se4,-1,-10.44339876,119,134,116,126.5,15,10.5,10.5,15,68,87,28.9,77.5,19,48.6,48.6,19,7,5,6,6,2,0,1,0,3,1,2,2,2,0,1,0,3,1,10,2,2,8,8,2,7.39,8.35,16.5,7.87,0.96,8.63,8.63,0.96,7.434018,6.746187,9.752392,7.0901025,0.687831,2.6622895,2.6622895,0.687831,0,0.525,2.02067,0.2625,0.525,1.75817,1.75817,0.525,0,0.525,2.02067,0.2625,0.525,1.75817,1.75817,0.525,394,218,306,176
222,1T-Mn1V1Te4,1,-7.784789241,119,134,136,126.5,15,9.5,9.5,15,68,87,38,77.5,19,39.5,39.5,19,7,5,6,6,2,0,1,0,3,1,2,2,2,0,1,0,3,1,20,2,2,18,18,2,7.39,8.35,20.5,7.87,0.96,12.63,12.63,0.96,7.434018,6.746187,9.00966,7.0901025,0.687831,1.9195575,1.9195575,0.687831,0,0.525,1.970876,0.2625,0.525,1.708376,1.708376,0.525,0,0.525,1.970876,0.2625,0.525,1.708376,1.708376,0.525,394,218,306,176
223,1T-Mn1W1S4,1,-9.198905994,119,137,103,128,18,25,25,18,68,68,19.4,68,0,48.6,48.6,0,7,6,6,6.5,1,0.5,0.5,1,3,2,2,2.5,1,0.5,0.5,1,3,22,0,12.5,19,12.5,12.5,19,7.39,9.53,15.5,8.46,2.14,7.04,7.04,2.14,7.434018,7.86403,10.36001,7.649024,0.430012,2.710986,2.710986,0.430012,0,0.81626,2.07710403,0.40813,0.81626,1.66897403,1.66897403,0.81626,0,0.81626,2.07710403,0.40813,0.81626,1.66897403,1.66897403,0.81626,394,3209,1801.5,-2815
224,1T-Mn1W1Se4,-1,-9.627220383,119,137,116,128,18,12,12,18,68,68,28.9,68,0,39.1,39.1,0,7,6,6,6.5,1,0.5,0.5,1,3,2,2,2.5,1,0.5,0.5,1,3,22,10,12.5,19,2.5,9.5,5,7.39,9.53,16.5,8.46,2.14,8.04,8.04,2.14,7.434018,7.86403,9.752392,7.649024,0.430012,2.103368,2.103368,0.430012,0,0.81626,2.02067,0.40813,0.81626,1.61254,1.61254,0.81626,0,0.81626,2.02067,0.40813,0.81626,1.61254,1.61254,0.81626,394,3209,1801.5,-2815
225,1T-Mn1W1Te4,-1,-7.232938477,119,137,136,128,18,8,9,16,68,68,38,68,0,30,30,0,7,6,6,6.5,1,0.5,0.5,1,3,2,2,2.5,1,0.5,0.5,1,3,22,20,12.5,19,7.5,9.5,15,7.39,9.53,20.5,8.46,2.14,12.04,12.04,2.14,7.434018,7.86403,9.00966,7.649024,0.430012,1.360636,1.360636,0.430012,0,0.81626,1.970876,0.40813,0.81626,1.562746,1.562746,0.81626,0,0.81626,1.970876,0.40813,0.81626,1.562746,1.562746,0.81626,394,3209,1801.5,-2815
226,1T-Mn1Y1S4,-1,-10.30501044,119,163,103,141,44,38,38,44,68,162,19.4,115,94,95.6,95.6,94,7,3,6,5,4,1,2,2,3,1,2,2,2,0,1,0,3,10,0,6.5,7,6.5,6.5,7,7.39,19.8,15.5,13.595,12.41,1.905,6.205,3.81,7.434018,6.21726,10.36001,6.825639,1.216758,3.534371,3.534371,1.216758,0,0.307,2.07710403,0.1535,0.307,1.92360403,1.92360403,0.307,0,0.307,2.07710403,0.1535,0.307,1.92360403,1.92360403,0.307,394,304,349,90
227,1T-Mn1Y1Se4,-1,-9.506525157,119,163,116,141,44,25,25,44,68,162,28.9,115,94,86.1,86.1,94,7,3,6,5,4,1,2,2,3,1,2,2,2,0,1,0,3,10,10,6.5,7,3.5,3.5,7,7.39,19.8,16.5,13.595,12.41,2.905,6.205,5.81,7.434018,6.21726,9.752392,6.825639,1.216758,2.926753,2.926753,1.216758,0,0.307,2.02067,0.1535,0.307,1.86717,1.86717,0.307,0,0.307,2.02067,0.1535,0.307,1.86717,1.86717,0.307,394,304,349,90
229,1T-Mn1Zn1S4,1,-10.90153079,119,118,103,118.5,1,15.5,15.5,1,68,38.67,19.4,53.335,29.33,33.935,33.935,29.33,7,12,6,9.5,5,3.5,3.5,5,3,2,2,2.5,1,0.5,0.5,1,3,8,0,5.5,5,5.5,5.5,5,7.39,9.2,15.5,8.295,1.81,7.205,7.205,1.81,7.434018,9.394199,10.36001,8.4141085,1.960181,1.9459015,1.9459015,1.960181,0,0,2.07710403,0,0,2.07710403,2.07710403,0,0,0,2.07710403,0,0,2.07710403,2.07710403,0,394,1146,770,-752
230,1T-Mn1Zn1Se4,1,-7.070238915,119,118,116,118.5,1,2.5,2.5,1,68,38.67,28.9,53.335,29.33,24.435,24.435,29.33,7,12,6,9.5,5,3.5,3.5,5,3,2,2,2.5,1,0.5,0.5,1,3,8,10,5.5,5,4.5,4.5,5,7.39,9.2,16.5,8.295,1.81,8.205,8.205,1.81,7.434018,9.394199,9.752392,8.4141085,1.960181,1.3382835,1.3382835,1.960181,0,0,2.02067,0,0,2.02067,2.02067,0,0,0,2.02067,0,0,2.02067,2.02067,0,394,1146,770,-752
232,1T-Mn1Zr1S4,1,-10.60890976,119,154,103,136.5,35,33.5,33.5,35,68,112,19.4,90,44,70.6,70.6,44,7,4,6,5.5,3,0.5,1.5,1,3,0,2,1.5,3,0.5,1.5,1,3,10,0,6.5,7,6.5,6.5,7,7.39,14.1,15.5,10.745,6.71,4.755,4.755,6.71,7.434018,6.6339,10.36001,7.033959,0.800118,3.326051,3.326051,0.800118,0,0.426,2.07710403,0.213,0.426,1.86410403,1.86410403,0.426,0,0.426,2.07710403,0.213,0.426,1.86410403,1.86410403,0.426,394,481,437.5,-87
233,1T-Mn1Zr1Se4,-1,-8.211143344,119,154,116,136.5,35,20.5,20.5,35,68,112,28.9,90,44,61.1,61.1,44,7,4,6,5.5,3,0.5,1.5,1,3,0,2,1.5,3,0.5,1.5,1,3,10,10,6.5,7,3.5,3.5,7,7.39,14.1,16.5,10.745,6.71,5.755,5.755,6.71,7.434018,6.6339,9.752392,7.033959,0.800118,2.718433,2.718433,0.800118,0,0.426,2.02067,0.213,0.426,1.80767,1.80767,0.426,0,0.426,2.02067,0.213,0.426,1.80767,1.80767,0.426,394,481,437.5,-87
234,1T-Mn1Zr1Te4,-1,-7.438197047,119,154,136,136.5,35,0.5,17.5,1,68,112,38,90,44,52,52,44,7,4,6,5.5,3,0.5,1.5,1,3,0,2,1.5,3,0.5,1.5,1,3,10,20,6.5,7,13.5,13.5,7,7.39,14.1,20.5,10.745,6.71,9.755,9.755,6.71,7.434018,6.6339,9.00966,7.033959,0.800118,1.975701,1.975701,0.800118,0,0.426,1.970876,0.213,0.426,1.757876,1.757876,0.426,0,0.426,1.970876,0.213,0.426,1.757876,1.757876,0.426,394,481,437.5,-87
235,1T-Mn2S4,1,-9.671741112,119,119,103,119,0,16,16,0,68,68,19.4,68,0,48.6,48.6,0,7,7,6,7,0,1,1,0,3,3,2,3,0,1,1,0,3,3,0,3,0,3,3,0,7.39,7.39,15.5,7.39,0,8.11,8.11,0,7.434018,7.434018,10.36001,7.434018,0,2.925992,2.925992,0,0,0,2.07710403,0,0,2.07710403,2.07710403,0,0,0,2.07710403,0,0,2.07710403,2.07710403,0,394,394,394,0
236,1T-Mn2Se4,-1,-7.642954377,119,119,116,119,0,3,3,0,68,68,28.9,68,0,39.1,39.1,0,7,7,6,7,0,1,1,0,3,3,2,3,0,1,1,0,3,3,10,3,0,7,7,0,7.39,7.39,16.5,7.39,0,9.11,9.11,0,7.434018,7.434018,9.752392,7.434018,0,2.318374,2.318374,0,0,0,2.02067,0,0,2.02067,2.02067,0,0,0,2.02067,0,0,2.02067,2.02067,0,394,394,394,0
237,1T-Mn2Te4,-1,-6.405705047,119,119,136,119,0,17,17,0,68,68,38,68,0,30,30,0,7,7,6,7,0,1,1,0,3,3,2,3,0,1,1,0,3,3,20,3,0,17,17,0,7.39,7.39,20.5,7.39,0,13.11,13.11,0,7.434018,7.434018,9.00966,7.434018,0,1.575642,1.575642,0,0,0,1.970876,0,0,1.970876,1.970876,0,0,0,1.970876,0,0,1.970876,1.970876,0,394,394,394,0
238,1T-Mo1Cr1Te4,1,-9.726848779,138,122,136,130,16,6,8,12,87,83,38,85,4,47,47,4,6,6,6,6,0,0,0,0,2,2,2,2,0,0,0,0,12,2,20,7,10,13,13,10,9.4,7.23,20.5,8.315,2.17,12.185,12.185,2.17,7.09243,6.76651,9.00966,6.92947,0.32592,2.08019,2.08019,0.32592,0.748,0.666,1.970876,0.707,0.082,1.263876,1.263876,0.082,0.748,0.666,1.970876,0.707,0.082,1.263876,1.263876,0.082,901,298,599.5,603
279,1T-V1Ag1Te4,-1,-10.60004053,134,128,136,131,6,5,5,6,87,55,38,71,32,33,33,32,5,11,6,8,6,2,3,4,1,3,2,2,2,0,1,0,1,17,20,9,16,11,11,16,8.35,10.3,20.5,9.325,1.95,11.175,11.175,1.95,6.746187,7.576234,9.00966,7.1612105,0.830047,1.8484495,1.8484495,0.830047,0.525,1.302,1.970876,0.9135,0.777,1.057376,1.057376,0.777,0.525,1.302,1.970876,0.9135,0.777,1.057376,1.057376,0.777,218,1915,1066.5,-1697
283,1T-V1Cd1S4,-1,-10.52934999,134,136,103,135,2,32,32,2,87,46,19.4,66.5,41,47.1,47.1,41,5,12,6,8.5,7,2.5,3.5,5,1,2,2,1.5,1,0.5,0.5,1,1,18,0,9.5,17,9.5,9.5,17,8.35,13.1,15.5,10.725,4.75,4.775,4.775,4.75,6.746187,8.993822,10.36001,7.8700045,2.247635,2.4900055,2.4900055,2.247635,0.525,0,2.07710403,0.2625,0.525,1.81460403,1.81460403,0.525,0.525,0,2.07710403,0.2625,0.525,1.81460403,1.81460403,0.525,218,2007,1112.5,-1789
285,1T-V1Cd1Te4,1,-8.312784038,134,136,136,135,2,1,1,2,87,46,38,66.5,41,28.5,28.5,41,5,12,6,8.5,7,2.5,3.5,5,1,2,2,1.5,1,0.5,0.5,1,1,18,20,9.5,17,10.5,10.5,17,8.35,13.1,20.5,10.725,4.75,9.775,9.775,4.75,6.746187,8.993822,9.00966,7.8700045,2.247635,1.1396555,1.1396555,2.247635,0.525,0,1.970876,0.2625,0.525,1.708376,1.708376,0.525,0.525,0,1.970876,0.2625,0.525,1.708376,1.708376,0.525,218,2007,1112.5,-1789
289,1T-V1Cr1S4,-1,-11.23870864,134,122,103,128,12,25,25,12,87,83,19.4,85,4,65.6,65.6,4,5,6,6,5.5,1,0.5,0.5,1,1,2,2,1.5,1,0.5,0.5,1,1,2,0,1.5,1,1.5,1.5,1,8.35,7.23,15.5,7.79,1.12,7.71,7.71,1.12,6.746187,6.76651,10.36001,6.7563485,0.020323,3.6036615,3.6036615,0.020323,0.525,0.666,2.07710403,0.5955,0.141,1.48160403,1.48160403,0.141,0.525,0.666,2.07710403,0.5955,0.141,1.48160403,1.48160403,0.141,218,298,258,-80
290,1T-V1Cr1Se4,1,-8.412180236,134,122,116,128,12,12,12,12,87,83,28.9,85,4,56.1,56.1,4,5,6,6,5.5,1,0.5,0.5,1,1,2,2,1.5,1,0.5,0.5,1,1,2,10,1.5,1,8.5,8.5,1,8.35,7.23,16.5,7.79,1.12,8.71,8.71,1.12,6.746187,6.76651,9.752392,6.7563485,0.020323,2.9960435,2.9960435,0.020323,0.525,0.666,2.02067,0.5955,0.141,1.42517,1.42517,0.141,0.525,0.666,2.02067,0.5955,0.141,1.42517,1.42517,0.141,218,298,258,-80
291,1T-V1Cr1Te4,1,-6.679667968,134,122,136,128,12,8,8,12,87,83,38,85,4,47,47,4,5,6,6,5.5,1,0.5,0.5,1,1,2,2,1.5,1,0.5,0.5,1,1,2,20,1.5,1,18.5,18.5,1,8.35,7.23,20.5,7.79,1.12,12.71,12.71,1.12,6.746187,6.76651,9.00966,6.7563485,0.020323,2.2533115,2.2533115,0.020323,0.525,0.666,1.970876,0.5955,0.141,1.375376,1.375376,0.141,0.525,0.666,1.970876,0.5955,0.141,1.375376,1.375376,0.141,218,298,258,-80
294,1T-V1Cu1Te4,1,-8.742839873,134,112,136,123,22,13,13,22,87,46.5,38,66.75,40.5,28.75,28.75,40.5,5,11,6,8,6,2,3,4,1,3,2,2,2,0,1,0,1,7,20,4,6,16,16,6,8.35,7.1,20.5,7.725,1.25,12.775,12.775,1.25,6.746187,7.72638,9.00966,7.2362835,0.980193,1.7733765,1.7733765,0.980193,0.525,1.235,1.970876,0.88,0.71,1.090876,1.090876,0.71,0.525,1.235,1.970876,0.88,0.71,1.090876,1.090876,0.71,218,952,585,-734
295,1T-V1Fe1S4,1,-9.095049328,134,116,103,125,18,22,22,18,87,62,19.4,74.5,25,55.1,55.1,25,5,8,6,6.5,3,0.5,1.5,1,1,4,2,2.5,3,0.5,1.5,1,1,4,0,2.5,3,2.5,2.5,3,8.35,7.1,15.5,7.725,1.25,7.775,7.775,1.25,6.746187,7.9024678,10.36001,7.3243274,1.1562808,3.0356826,3.0356826,1.1562808,0.525,0.151,2.07710403,0.338,0.374,1.73910403,1.73910403,0.374,0.525,0.151,2.07710403,0.338,0.374,1.73910403,1.73910403,0.374,218,526,372,-308
296,1T-V1Fe1Se4,-1,-9.70816751,134,116,116,125,18,9,9,18,87,62,28.9,74.5,25,45.6,45.6,25,5,8,6,6.5,3,0.5,1.5,1,1,4,2,2.5,3,0.5,1.5,1,1,4,10,2.5,3,7.5,7.5,3,8.35,7.1,16.5,7.725,1.25,8.775,8.775,1.25,6.746187,7.9024678,9.752392,7.3243274,1.1562808,2.4280646,2.4280646,1.1562808,0.525,0.151,2.02067,0.338,0.374,1.68267,1.68267,0.374,0.525,0.151,2.02067,0.338,0.374,1.68267,1.68267,0.374,218,526,372,-308
298,1T-V1Hf1S4,1,-9.429180695,134,152,103,143,18,40,40,18,87,103,19.4,95,16,75.6,75.6,16,5,4,6,4.5,1,1.5,1.5,1,1,0,2,0.5,1,1.5,1.5,1,1,20,0,10.5,19,10.5,10.5,19,8.35,13.6,15.5,10.975,5.25,4.525,4.525,5.25,6.746187,6.82507,10.36001,6.7856285,0.078883,3.5743815,3.5743815,0.078883,0.525,0.014,2.07710403,0.2695,0.511,1.80760403,1.80760403,0.511,0.525,0.014,2.07710403,0.2695,0.511,1.80760403,1.80760403,0.511,218,1974,1096,-1756
299,1T-V1Hf1Se4,1,-7.951141019,134,152,116,143,18,27,27,18,87,103,28.9,95,16,66.1,66.1,16,5,4,6,4.5,1,1.5,1.5,1,1,0,2,0.5,1,1.5,1.5,1,1,20,10,10.5,19,0.5,9.5,1,8.35,13.6,16.5,10.975,5.25,5.525,5.525,5.25,6.746187,6.82507,9.752392,6.7856285,0.078883,2.9667635,2.9667635,0.078883,0.525,0.014,2.02067,0.2695,0.511,1.75117,1.75117,0.511,0.525,0.014,2.02067,0.2695,0.511,1.75117,1.75117,0.511,218,1974,1096,-1756
313,1T-V1Nb1S4,1,-10.15105188,134,147,103,140.5,13,37.5,37.5,13,87,98,19.4,92.5,11,73.1,73.1,11,5,5,6,5,0,1,1,0,1,1,2,1,0,1,1,0,1,11,0,6,10,6,6,10,8.35,10.8,15.5,9.575,2.45,5.925,5.925,2.45,6.746187,6.75885,10.36001,6.7525185,0.012663,3.6074915,3.6074915,0.012663,0.525,0.917406,2.07710403,0.721203,0.392406,1.35590103,1.35590103,0.392406,0.525,0.917406,2.07710403,0.721203,0.392406,1.35590103,1.35590103,0.392406,218,688,453,-470
314,1T-V1Nb1Se4,1,-9.710473366,134,147,116,140.5,13,24.5,24.5,13,87,98,28.9,92.5,11,63.6,63.6,11,5,5,6,5,0,1,1,0,1,1,2,1,0,1,1,0,1,11,10,6,10,4,5,8,8.35,10.8,16.5,9.575,2.45,6.925,6.925,2.45,6.746187,6.75885,9.752392,6.7525185,0.012663,2.9998735,2.9998735,0.012663,0.525,0.917406,2.02067,0.721203,0.392406,1.299467,1.299467,0.392406,0.525,0.917406,2.02067,0.721203,0.392406,1.299467,1.299467,0.392406,218,688,453,-470
315,1T-V1Nb1Te4,1,-7.317243469,134,147,136,140.5,13,4.5,6.5,9,87,98,38,92.5,11,54.5,54.5,11,5,5,6,5,0,1,1,0,1,1,2,1,0,1,1,0,1,11,20,6,10,14,14,10,8.35,10.8,20.5,9.575,2.45,10.925,10.925,2.45,6.746187,6.75885,9.00966,6.7525185,0.012663,2.2571415,2.2571415,0.012663,0.525,0.917406,1.970876,0.721203,0.392406,1.249673,1.249673,0.392406,0.525,0.917406,1.970876,0.721203,0.392406,1.249673,1.249673,0.392406,218,688,453,-470
318,1T-V1Ni1Te4,1,-8.495187111,134,110,136,122,24,14,14,24,87,49,38,68,38,30,30,38,5,10,6,7.5,5,1.5,2.5,3,1,4,2,2.5,3,0.5,1.5,1,1,6,20,3.5,5,16.5,16.5,5,8.35,6.6,20.5,7.475,1.75,13.025,13.025,1.75,6.746187,7.639877,9.00966,7.193032,0.89369,1.816628,1.816628,0.89369,0.525,1.156,1.970876,0.8405,0.631,1.130376,1.130376,0.631,0.525,1.156,1.970876,0.8405,0.631,1.130376,1.130376,0.631,218,736,477,-518
320,1T-V1Os1Se4,1,-8.9722688,134,129,116,131.5,5,15.5,15.5,5,87,57,28.9,72,30,43.1,43.1,30,5,8,6,6.5,3,0.5,1.5,1,1,4,2,2.5,3,0.5,1.5,1,1,24,10,12.5,23,2.5,11.5,5,8.35,8.43,16.5,8.39,0.08,8.11,8.11,0.08,6.746187,8.43823,9.752392,7.5922085,1.692043,2.1601835,2.1601835,1.692043,0.525,1.1,2.02067,0.8125,0.575,1.20817,1.20817,0.575,0.525,1.1,2.02067,0.8125,0.575,1.20817,1.20817,0.575,218,6718,3468,-6500
322,1T-V1Pd1S4,-1,-10.45565614,134,120,103,127,14,24,24,14,87,26.14,19.4,56.57,60.86,37.17,37.17,60.86,5,12,6,8.5,7,2.5,3.5,5,1,4,2,2.5,3,0.5,1.5,1,1,16,0,8.5,15,8.5,8.5,15,8.35,8.9,15.5,8.625,0.55,6.875,6.875,0.55,6.746187,8.33686,10.36001,7.5415235,1.590673,2.8184865,2.8184865,1.590673,0.525,0.562,2.07710403,0.5435,0.037,1.53360403,1.53360403,0.037,0.525,0.562,2.07710403,0.5435,0.037,1.53360403,1.53360403,0.037,218,1548,883,-1330
323,1T-V1Pd1Se4,1,-10.16810435,134,120,116,127,14,11,11,14,87,26.14,28.9,56.57,60.86,27.67,30.43,55.34,5,12,6,8.5,7,2.5,3.5,5,1,4,2,2.5,3,0.5,1.5,1,1,16,10,8.5,15,1.5,7.5,3,8.35,8.9,16.5,8.625,0.55,7.875,7.875,0.55,6.746187,8.33686,9.752392,7.5415235,1.590673,2.2108685,2.2108685,1.590673,0.525,0.562,2.02067,0.5435,0.037,1.47717,1.47717,0.037,0.525,0.562,2.02067,0.5435,0.037,1.47717,1.47717,0.037,218,1548,883,-1330
325,1T-V1Pt1S4,-1,-10.56107456,134,123,103,128.5,11,25.5,25.5,11,87,48,19.4,67.5,39,48.1,48.1,39,5,10,6,7.5,5,1.5,2.5,3,1,4,2,2.5,3,0.5,1.5,1,1,26,0,13.5,25,13.5,13.5,25,8.35,9.1,15.5,8.725,0.75,6.775,6.775,0.75,6.746187,8.95883,10.36001,7.8525085,2.212643,2.5075015,2.5075015,2.212643,0.525,2.128,2.07710403,1.3265,1.603,0.75060403,0.8015,1.50120806,0.525,2.128,2.07710403,1.3265,1.603,0.75060403,0.8015,1.50120806,218,3711,1964.5,-3493
326,1T-V1Pt1Se4,1,-7.829008303,134,123,116,128.5,11,12.5,12.5,11,87,48,28.9,67.5,39,38.6,38.6,39,5,10,6,7.5,5,1.5,2.5,3,1,4,2,2.5,3,0.5,1.5,1,1,26,10,13.5,25,3.5,12.5,7,8.35,9.1,16.5,8.725,0.75,7.775,7.775,0.75,6.746187,8.95883,9.752392,7.8525085,2.212643,1.8998835,1.8998835,2.212643,0.525,2.128,2.02067,1.3265,1.603,0.69417,0.8015,1.38834,0.525,2.128,2.02067,1.3265,1.603,0.69417,0.8015,1.38834,218,3711,1964.5,-3493
327,1T-V1Pt1Te4,1,-7.620493109,134,123,136,128.5,11,7.5,7.5,11,87,48,38,67.5,39,29.5,29.5,39,5,10,6,7.5,5,1.5,2.5,3,1,4,2,2.5,3,0.5,1.5,1,1,26,20,13.5,25,6.5,12.5,13,8.35,9.1,20.5,8.725,0.75,11.775,11.775,0.75,6.746187,8.95883,9.00966,7.8525085,2.212643,1.1571515,1.1571515,2.212643,0.525,2.128,1.970876,1.3265,1.603,0.644376,0.8015,1.288752,0.525,2.128,1.970876,1.3265,1.603,0.644376,0.8015,1.288752,218,3711,1964.5,-3493
334,1T-V1Ru1S4,-1,-9.369511969,134,125,103,129.5,9,26.5,26.5,9,87,72,19.4,79.5,15,60.1,60.1,15,5,8,6,6.5,3,0.5,1.5,1,1,4,2,2.5,3,0.5,1.5,1,1,14,0,7.5,13,7.5,7.5,13,8.35,8.3,15.5,8.325,0.05,7.175,7.175,0.05,6.746187,7.3605,10.36001,7.0533435,0.614313,3.3066665,3.3066665,0.614313,0.525,1.05,2.07710403,0.7875,0.525,1.28960403,1.28960403,0.525,0.525,1.05,2.07710403,0.7875,0.525,1.28960403,1.28960403,0.525,218,1496,857,-1278
335,1T-V1Ru1Se4,-1,-8.685404764,134,125,116,129.5,9,13.5,13.5,9,87,72,28.9,79.5,15,50.6,50.6,15,5,8,6,6.5,3,0.5,1.5,1,1,4,2,2.5,3,0.5,1.5,1,1,14,10,7.5,13,2.5,6.5,5,8.35,8.3,16.5,8.325,0.05,8.175,8.175,0.05,6.746187,7.3605,9.752392,7.0533435,0.614313,2.6990485,2.6990485,0.614313,0.525,1.05,2.02067,0.7875,0.525,1.23317,1.23317,0.525,0.525,1.05,2.02067,0.7875,0.525,1.23317,1.23317,0.525,218,1496,857,-1278
340,1T-V1Ta1S4,1,-8.732337572,134,146,103,140,12,37,37,12,87,74,19.4,80.5,13,61.1,61.1,13,5,5,6,5,0,1,1,0,1,1,2,1,0,1,1,0,1,21,0,11,20,11,11,20,8.35,10.9,15.5,9.625,2.55,5.875,5.875,2.55,6.746187,7.54957,10.36001,7.1478785,0.803383,3.2121315,3.2121315,0.803383,0.525,0.322,2.07710403,0.4235,0.203,1.65360403,1.65360403,0.203,0.525,0.322,2.07710403,0.4235,0.203,1.65360403,1.65360403,0.203,218,2507,1362.5,-2289
341,1T-V1Ta1Se4,1,-7.765753518,134,146,116,140,12,24,24,12,87,74,28.9,80.5,13,51.6,51.6,13,5,5,6,5,0,1,1,0,1,1,2,1,0,1,1,0,1,21,10,11,20,1,10,2,8.35,10.9,16.5,9.625,2.55,6.875,6.875,2.55,6.746187,7.54957,9.752392,7.1478785,0.803383,2.6045135,2.6045135,0.803383,0.525,0.322,2.02067,0.4235,0.203,1.59717,1.59717,0.203,0.525,0.322,2.02067,0.4235,0.203,1.59717,1.59717,0.203,218,2507,1362.5,-2289
342,1T-V1Ta1Te4,1,-6.900546326,134,146,136,140,12,4,6,8,87,74,38,80.5,13,42.5,42.5,13,5,5,6,5,0,1,1,0,1,1,2,1,0,1,1,0,1,21,20,11,20,9,10,18,8.35,10.9,20.5,9.625,2.55,10.875,10.875,2.55,6.746187,7.54957,9.00966,7.1478785,0.803383,1.8617815,1.8617815,0.803383,0.525,0.322,1.970876,0.4235,0.203,1.547376,1.547376,0.203,0.525,0.322,1.970876,0.4235,0.203,1.547376,1.547376,0.203,218,2507,1362.5,-2289
347,1T-V1Ti1Se4,1,-7.581207681,134,136,116,135,2,19,19,2,87,100,28.9,93.5,13,64.6,64.6,13,5,4,6,4.5,1,1.5,1.5,1,1,0,2,0.5,1,1.5,1.5,1,1,0,10,0.5,1,9.5,9.5,1,8.35,10.6,16.5,9.475,2.25,7.025,7.025,2.25,6.746187,6.82812,9.752392,6.7871535,0.081933,2.9652385,2.9652385,0.081933,0.525,0.079,2.02067,0.302,0.446,1.71867,1.71867,0.446,0.525,0.079,2.02067,0.302,0.446,1.71867,1.71867,0.446,218,136,177,82
348,1T-V1Ti1Te4,1,-9.245449549,134,136,136,135,2,1,1,2,87,100,38,93.5,13,55.5,55.5,13,5,4,6,4.5,1,1.5,1.5,1,1,0,2,0.5,1,1.5,1.5,1,1,0,20,0.5,1,19.5,19.5,1,8.35,10.6,20.5,9.475,2.25,11.025,11.025,2.25,6.746187,6.82812,9.00966,6.7871535,0.081933,2.2225065,2.2225065,0.081933,0.525,0.079,1.970876,0.302,0.446,1.668876,1.668876,0.446,0.525,0.079,1.970876,0.302,0.446,1.668876,1.668876,0.446,218,136,177,82
357,1T-V1Zn1Te4,1,-8.09308626,134,118,136,126,16,10,10,16,87,38.67,38,62.835,48.33,24.835,24.835,48.33,5,12,6,8.5,7,2.5,3.5,5,1,2,2,1.5,1,0.5,0.5,1,1,8,20,4.5,7,15.5,15.5,7,8.35,9.2,20.5,8.775,0.85,11.725,11.725,0.85,6.746187,9.394199,9.00966,8.070193,2.648012,0.939467,1.324006,1.878934,0.525,0,1.970876,0.2625,0.525,1.708376,1.708376,0.525,0.525,0,1.970876,0.2625,0.525,1.708376,1.708376,0.525,218,1146,682,-928
358,1T-V1Zr1S4,1,-10.30920269,134,154,103,144,20,41,41,20,87,112,19.4,99.5,25,80.1,80.1,25,5,4,6,4.5,1,1.5,1.5,1,1,0,2,0.5,1,1.5,1.5,1,1,10,0,5.5,9,5.5,5.5,9,8.35,14.1,15.5,11.225,5.75,4.275,4.275,5.75,6.746187,6.6339,10.36001,6.6900435,0.112287,3.6699665,3.6699665,0.112287,0.525,0.426,2.07710403,0.4755,0.099,1.60160403,1.60160403,0.099,0.525,0.426,2.07710403,0.4755,0.099,1.60160403,1.60160403,0.099,218,481,349.5,-263
359,1T-V1Zr1Se4,1,-8.57151739,134,154,116,144,20,28,28,20,87,112,28.9,99.5,25,70.6,70.6,25,5,4,6,4.5,1,1.5,1.5,1,1,0,2,0.5,1,1.5,1.5,1,1,10,10,5.5,9,4.5,4.5,9,8.35,14.1,16.5,11.225,5.75,5.275,5.275,5.75,6.746187,6.6339,9.752392,6.6900435,0.112287,3.0623485,3.0623485,0.112287,0.525,0.426,2.02067,0.4755,0.099,1.54517,1.54517,0.099,0.525,0.426,2.02067,0.4755,0.099,1.54517,1.54517,0.099,218,481,349.5,-263
360,1T-V1Zr1Te4,1,-7.532524444,134,154,136,144,20,8,10,16,87,112,38,99.5,25,61.5,61.5,25,5,4,6,4.5,1,1.5,1.5,1,1,0,2,0.5,1,1.5,1.5,1,1,10,20,5.5,9,14.5,14.5,9,8.35,14.1,20.5,11.225,5.75,9.275,9.275,5.75,6.746187,6.6339,9.00966,6.6900435,0.112287,2.3196165,2.3196165,0.112287,0.525,0.426,1.970876,0.4755,0.099,1.495376,1.495376,0.099,0.525,0.426,1.970876,0.4755,0.099,1.495376,1.495376,0.099,218,481,349.5,-263
361,1T-V2S4,1,-8.535764577,134,134,103,134,0,31,31,0,87,87,19.4,87,0,67.6,67.6,0,5,5,6,5,0,1,1,0,1,1,2,1,0,1,1,0,1,1,0,1,0,1,1,0,8.35,8.35,15.5,8.35,0,7.15,7.15,0,6.746187,6.746187,10.36001,6.746187,0,3.613823,3.613823,0,0.525,0.525,2.07710403,0.525,0,1.55210403,1.55210403,0,0.525,0.525,2.07710403,0.525,0,1.55210403,1.55210403,0,218,218,218,0
362,1T-V2Se4,1,-9.087238175,134,134,116,134,0,18,18,0,87,87,28.9,87,0,58.1,58.1,0,5,5,6,5,0,1,1,0,1,1,2,1,0,1,1,0,1,1,10,1,0,9,9,0,8.35,8.35,16.5,8.35,0,8.15,8.15,0,6.746187,6.746187,9.752392,6.746187,0,3.006205,3.006205,0,0.525,0.525,2.02067,0.525,0,1.49567,1.49567,0,0.525,0.525,2.02067,0.525,0,1.49567,1.49567,0,218,218,218,0
363,1T-V2Te4,1,-5.106156046,134,134,136,134,0,2,2,0,87,87,38,87,0,49,49,0,5,5,6,5,0,1,1,0,1,1,2,1,0,1,1,0,1,1,20,1,0,19,19,0,8.35,8.35,20.5,8.35,0,12.15,12.15,0,6.746187,6.746187,9.00966,6.746187,0,2.263473,2.263473,0,0.525,0.525,1.970876,0.525,0,1.445876,1.445876,0,0.525,0.525,1.970876,0.525,0,1.445876,1.445876,0,218,218,218,0
